u_id,h_id,hotel_name,住所,y_m,o_year,prefecture,pre_code,rooms,management,brand,LocName,fX,fY,iConf,iLvl,kanku_dura,kanku_fare,kanku_tran,itami_dura,itami_fare,itami_tran,osakast_dura,osakast_fare,osakast_tran,L01_005,lvalue,L01_044,L01_045,L01_046,L01_047
8,4,イビススタイルズ大阪,大阪府大阪市中央区宗右衛門町２-１３,2016年2月,2016,大阪府,27_大阪府,343,MC,アコーホテルズ,大阪府/大阪市/中央区/宗右衛門町/２番,135.50476,34.66986,5,7,60,1150,1,69,650,2,29,230,1,2018,5100000,中高層の飲食店舗等が建ち並ぶ商業地域,なんば,450,商業
15,11,スイスホテル南海大阪,大阪府大阪市中央区難波５丁目１-６０,2014年12月,2014,大阪府,27_大阪府,546,賃貸,アコーホテルズ,大阪府/大阪市/中央区/難波/五丁目/１番,135.50049,34.66392,5,7,51,920,0,65,650,2,24,230,0,2018,6450000,高層の店舗兼事務所ビルが建ち並ぶ商業地域,なんば,0,商業
20,5,ホテル・アゴーラ大阪守口,大阪府守口市河原町１０-５,2012年8月,2012,大阪府,27_大阪府,175,所有直営,アゴーラ・ホテルアライアンス,大阪府/守口市/河原町/１０番,135.56639,34.73494,5,7,81,1420,2,65,700,1,26,370,1,2018,227000,中低層の店舗、事務所等が混在する商業地域,守口市,200,商業
21,6,ホテル・アゴーラ・リージェンシ一堺,大阪府堺市堺区戎島町4丁目４５-１,2012年10月,2012,大阪府,27_大阪府,241,所有直営,アゴーラ・ホテルアライアンス,大阪府/堺市/堺区/戎島町四丁,135.467885,34.58231,5,8,38,820,0,89,1010,2,39,440,1,2018,180000,事務所、店舗、共同住宅等の混在する商業地域,堺,380,商業
42,12,アパホテル大阪天満,大阪府大阪市北区同心２丁目１６-１５,1997年11月,1997,大阪府,27_大阪府,331,所有直営,アパホテルズ＆リゾーツ,大阪府/大阪市/北区/同心/二丁目/１６番,135.51677,34.70355,5,7,75,1200,1,58,540,2,10,120,0,2018,645000,各種の小売店舗が建ち並ぶ商業地域,天満,100,商業
52,22,アパホテル大阪谷町,大阪府大阪市中央区内本町１丁目３-１２,2001年3月,2001,大阪府,27_大阪府,151,所有直営,アパホテルズ＆リゾーツ,大阪府/大阪市/中央区/中寺,135.515502,34.683242,5,8,75,1290,1,66,650,2,19,230,0,2018,1170000,中高層の事務所ビルが建ち並ぶ商業地域,谷町四丁目,100,商業
55,25,アパホテル関空岸和田,大阪府岸和田市宮本町３-１９,2001年9月,2001,大阪府,27_大阪府,68,所有直営,アパホテルズ＆リゾーツ,大阪府/岸和田市/宮本町/３番,135.37706,34.46186,5,7,21,610,0,99,1240,2,55,670,1,2018,208000,中小規模の小売店舗等が集まる駅前の商業地域,岸和田,100,商業
73,43,アパヴィラホテル大阪谷町四丁目駅前,大阪府大阪市中央区農人橋１丁目１-２７,2006年4月,2006,大阪府,27_大阪府,339,所有直営,アパホテルズ＆リゾーツ,大阪府/大阪市/中央区/農人橋/一丁目/１番,135.5162,34.68078,5,7,66,1150,2,66,650,2,19,230,0,2018,566000,中層の事務所、マンション等の混在する商業地域,谷町四丁目,400,商業
75,45,アパホテル御堂筋本町駅前,大阪府大阪市中央区本町４丁目５-１２,2006年7月,2006,大阪府,27_大阪府,194,所有直営,アパホテルズ＆リゾーツ,大阪府/大阪市/中央区/本町/四丁目/５番,135.49873,34.68406,5,7,69,1150,1,64,600,2,15,180,0,2018,5250000,高層の事務所ビル等が建ち並ぶ商業地域,本町,50,商業
76,46,アパホテル天王寺駅前,大阪府大阪市阿倍野区阿倍野筋１丁目４-１１,2006年8月,2006,大阪府,27_大阪府,177,所有直営,アパホテルズ＆リゾーツ,大阪府/大阪市/阿倍野区/阿倍野筋/一丁目/４番,135.51244,34.64698,5,7,59,1060,0,71,650,2,26,280,1,2018,2900000,百貨店、事務所店舗ビルが建ち並ぶ高度商業地域,大阪阿部野橋,0,商業
80,50,アパヴィラホテル淀屋橋,大阪府大阪市中央区伏見町３丁目１-９,2007年4月,2007,大阪府,27_大阪府,466,所有直営,アパホテルズ＆リゾーツ,大阪府/大阪市/中央区/伏見町/三丁目/１番,135.50314,34.68934,5,7,68,1150,1,57,600,2,16,180,0,2018,1390000,中高層の事務所ビル、店舗が建ち並ぶ商業地域,淀屋橋,400,商業
83,53,アパホテル大阪肥後橋駅前,大阪府大阪市西区土佐堀１丁目２-１,2007年10月,2007,大阪府,27_大阪府,850,所有直営,アパホテルズ＆リゾーツ,大阪府/大阪市/西区/土佐堀/一丁目/２番,135.49486,34.69187,5,7,71,1100,1,61,600,2,14,180,0,2018,2330000,中高層の事務所、金融機関が多い業務商業地域,肥後橋,0,商業
101,71,アパホテル堺駅前,大阪府堺市堺区戎島町４丁目２８-６,2009年9月,2009,大阪府,27_大阪府,153,所有直営,アパホテルズ＆リゾーツ,大阪府/堺市/堺区/戎島町四丁,135.469836,34.583446,5,8,37,820,0,88,1010,2,38,440,1,2018,180000,事務所、店舗、共同住宅等の混在する商業地域,堺,380,商業
121,91,アパホテルなんば心斎橋,大阪府大阪市中央区西心斎橋２丁目７-１２,2012年3月,2012,大阪府,27_大阪府,221,所有直営,アパホテルズ＆リゾーツ,大阪府/大阪市/中央区/西心斎橋/二丁目/７番,135.49869,34.66956,5,7,62,920,0,65,650,2,21,230,0,2018,1610000,高層の事務所、店舗ビルの建ち並ぶ商業地域,なんば,0,商業
191,161,アパホテル　なんば駅東,大阪府大阪市中央区難波千日前4-29,2017年4月,2017,大阪府,27_大阪府,380,直営,アパホテルズ＆リゾーツ,大阪府/大阪市/中央区/難波千日前/４番,135.50523,34.66432,5,7,53,920,0,67,650,2,26,230,0,2018,559000,中層の店舗ビル等が建ち並ぶ繁華な商業地域,日本橋,140,商業
200,170,アパホテル　御堂筋本町駅東,大阪府大阪市中央区瓦町2丁目3-6,2017年11月,2017,大阪府,27_大阪府,160,直営,アパホテルズ＆リゾーツ,大阪府/大阪市/中央区/瓦町/二丁目/３番,135.50507,34.68581,5,7,65,1150,1,63,600,2,22,180,0,2018,1260000,中高層の事務所ビルが建ち並ぶ商業地域,本町,450,商業
250,14,ANAクラウンプラザホテル大阪,大阪府大阪市北区堂島浜１丁目３-１,2008年10月,2008,大阪府,27_大阪府,478,MC,インターコンチネンタル、ANAクラウンプラザホテル、ホリディ・イン、ANAホテル,大阪府/大阪市/北区/堂島浜/一丁目/３番,135.4986,34.69497,5,7,74,1100,1,62,600,2,21,180,0,2018,3100000,超高層の事務所ビルが建ち並ぶ商業地域,大江橋,0,商業
261,25,インターコンチネンタルホテル大阪,大阪府大阪市北区大深町３-６０,2013年6月,2013,大阪府,27_大阪府,272,MC,インターコンチネンタル、ANAクラウンプラザホテル、ホリディ・イン、ANAホテル,大阪府/大阪市/北区/大深町/３番地,135.4944,34.70642,5,7,74,1100,1,44,420,1,6,0,0,2018,15000000,都市機能の集積が進む超高層ビル中心の商業地域,大阪,0,商業
269,33,ホリディ・イン大阪難波,大阪府大阪市中央区宗右衛門町5-15,2016年11月,2016,大阪府,27_大阪府,314,FC,インターコンチネンタル、ANAクラウンプラザホテル、ホリディ・イン、ANAホテル,大阪府/大阪市/中央区/宗右衛門町/５番,135.50378,34.66989,5,7,62,920,0,66,650,2,25,230,0,2018,5100000,中高層の飲食店舗等が建ち並ぶ商業地域,なんば,450,商業
271,2,ヴィアイン新大阪,大阪府大阪市東淀川区西淡路１丁目１-７,1998年7月,1998,大阪府,27_大阪府,226,所有直営,ヴィアインホテルチェーン,大阪府/大阪市/東淀川区/西淡路/一丁目/１番,135.50256,34.73395,5,7,85,1200,1,49,420,2,13,160,0,2018,345000,中高層店舗付共同住宅等が建ち並ぶ商業地域,新大阪,600,商業
272,3,ヴィアイン新大阪ウエスト,大阪府大阪市淀川区宮原４丁目１-２１,2001年3月,2001,大阪府,27_大阪府,433,賃貸,ヴィアインホテルチェーン,大阪府/大阪市/淀川区/宮原/四丁目/１番,135.49724,34.73501,5,7,81,1200,1,49,390,1,17,160,0,2018,477000,高層の事務所、マンション等が混在する商業地域,東三国,350,商業
279,10,ヴィアイン心斎橋,大阪府大阪市中央区西心斎橋１丁目１０-１５,2011年4月,2011,大阪府,27_大阪府,205,賃貸,ヴィアインホテルチェーン,大阪府/大阪市/中央区/西心斎橋/一丁目/１０番,135.49866,34.67392,5,7,66,1100,1,62,650,2,19,230,0,2018,9300000,高層の事務所、店舗等が建ち並ぶ高度商業地域,心斎橋,0,商業
284,15,ヴィアイン心斎橋長堀通,大阪府大阪市西区新町１丁目４-１２,2014年6月,2014,大阪府,27_大阪府,150,賃貸,ヴィアインホテルチェーン,大阪府/大阪市/西区/西本町,135.497267,34.67568,5,8,65,1100,1,64,650,2,16,230,0,2018,7500000,高層の店舗兼事務所が建ち並ぶ中心的商業地域,心斎橋,0,商業
287,18,ヴィアインあべの天王寺,大阪府大阪市阿倍野区旭町一丁目1番7号,2017年4月,2017,大阪府,27_大阪府,172,賃貸,ヴィアインホテルチェーン,大阪府/大阪市/阿倍野区/旭町/一丁目/１番,135.51016,34.64751,5,7,61,1060,0,69,650,2,25,230,1,2018,2900000,百貨店、事務所店舗ビルが建ち並ぶ高度商業地域,大阪阿部野橋,0,商業
288,19,ヴィアイン梅田,大阪府大阪市北区小松原町１-２０,2017年8月,2017,大阪府,27_大阪府,217,賃貸,ヴィアインホテルチェーン,大阪府/大阪市/北区/小松原町/１番,135.5011,34.70238,5,7,74,1150,1,45,420,1,6,0,0,2018,2180000,中層の飲食店、レジャー施設等が建ち並ぶ地域,東梅田,230,商業
365,24,大江戸温泉物語　箕面観光ホテル,大阪府箕面市温泉町１-１,2013年7月,2013,大阪府,27_大阪府,237,直営,大江戸温泉物語グループ,大阪府/箕面市/温泉町/１番,135.46729,34.84032,5,7,116,1370,3,39,390,2,43,270,1,2018,176000,中規模一般住宅が多い高台の既成住宅地域,箕面,560,1低専
399,27,ホテル日航大阪,大阪府大阪市中央区西心斎橋１丁目３-３,1982年9月,1982,大阪府,27_大阪府,635,賃貸直営,オークラホテルズ＆リゾーツ、ニッコーホテルズ・インターナショナル、ホテルJALシティ,大阪府/大阪市/中央区/西心斎橋/一丁目/３番,135.49976,34.67388,5,7,65,1150,1,62,650,2,18,230,0,2018,9300000,高層の事務所、店舗等が建ち並ぶ高度商業地域,心斎橋,0,商業
400,28,ホテル日航関西空港,大阪府泉佐野市泉州空港北１,1995年6月,1995,大阪府,27_大阪府,576,MC,オークラホテルズ＆リゾーツ、ニッコーホテルズ・インターナショナル、ホテルJALシティ,大阪府/泉佐野市/泉州空港北/１番地,135.25764,34.44062,5,7,28,0,0,154,1790,2,99,1190,0,2018,61200,倉庫、工場、営業所等が建ち並ぶ流通業務地域,りんくうタウン,1000,準工
437,9,クロスホテル大阪,大阪府大阪市中央区心斎橋筋２丁目５-１５,2007年7月,2007,大阪府,27_大阪府,229,賃貸,オリックス不動産,大阪府/大阪市/中央区/心斎橋筋/二丁目/５番,135.50092,34.66971,5,7,60,920,0,63,650,2,22,230,0,2018,15800000,小売店舗、飲食店舗等が高度に集積する商業地域,なんば,230,商業
439,11,ホテルユニバーサルポート,大阪府大阪市此花区桜島１丁目１-１１１,2010年8月,2010,大阪府,27_大阪府,600,所有直営,オリックス不動産,大阪府/大阪市/此花区/桜島/一丁目/１番,135.43646,34.66317,5,7,81,1100,2,69,600,3,18,180,1,2018,211000,住宅の中に店舗等が見られる住宅地域,朝潮橋,660,1住居
457,8,ベストウェスタンホテルフィーノ大阪心斎橋,大阪府大阪市中央区東心斎橋１丁目1-2-19,2010年7月,2010,大阪府,27_大阪府,179,MC,価値開発ホテルグループ,大阪府/大阪市/中央区/東心斎橋/一丁目/１番,135.50572,34.67485,5,7,58,1150,1,65,650,2,24,230,1,2018,1670000,中高層の店舗兼事務所ビルが建ち並ぶ商業地域,長堀橋,80,商業
458,9,ベストウェスタン大阪塚本,大阪府大阪市淀川区塚本２丁目２１-９,2017年9月,2017,大阪府,27_大阪府,105,賃貸,価値開発ホテルグループ,大阪府/大阪市/淀川区/塚本/二丁目/２１番,135.46968,34.71186,5,7,81,1140,2,54,420,1,6,160,0,2018,278000,小売店舗等の建ち並ぶ駅前の商業地域,塚本,100,商業
470,2,からさホテル大阪心斎橋Ⅰ,大阪府大阪市中央区博労町１丁目６-９,2016年3月,2016,大阪府,27_大阪府,69,直営,からくさホテルズ,大阪府/大阪市/中央区/博労町/一丁目/６番,135.50786,34.67857,5,7,63,1150,1,70,600,3,26,180,1,2018,1670000,中高層の店舗兼事務所ビルが建ち並ぶ商業地域,長堀橋,80,商業
471,3,からさスプリングホテル関西エアゲート,大阪府泉南郡田尻町嘉祥寺５８８,2017年1月,2017,大阪府,27_大阪府,139,直営,からくさホテルズ,大阪府/泉南郡/田尻町/嘉祥寺/５８８番地,135.29544,34.39658,5,7,32,370,0,128,1460,3,76,770,2,2018,62400,中規模一般住宅が多く見られる既成住宅地域,吉見ノ里,400,2中専
472,4,からさホテル大阪なんば,大阪府大阪市中央区西心斎橋２丁目９-１３,2017年11月,2017,大阪府,27_大阪府,112,直営,からくさホテルズ,大阪府/大阪市/中央区/西心斎橋/二丁目/９番,135.49873,34.67075,5,7,62,920,0,66,650,2,20,230,0,2018,2710000,中高層の店舗ビル等が建ち並ぶ商業地域,心斎橋,250,商業
481,9,ホテルコスモスク工ア国際交流センター,大阪府大阪市住之江区南港北１丁目７-５０,2007年2月,2007,大阪府,27_大阪府,320,MC,カラカミ観光,大阪府/大阪市/住之江区/南港北/一丁目/７番,135.424,34.63958,5,7,92,1310,2,95,810,3,46,390,1,2018,100000,大規模倉庫が多い臨海の工業地域,ポートタウン東,720,準工
562,45,ドーミーイン梅田東,大阪府大阪市北区西天満３丁目５-３５,2007年4月,2007,大阪府,27_大阪府,131,賃貸,共立メンテナンス,大阪府/大阪市/北区/西天満/三丁目/５番,135.50877,34.69692,5,7,65,1150,1,61,600,2,15,180,0,2018,1370000,中高層の事務所ビルが多い商業地域,南森町,140,商業
563,46,ドーミーインPREMIUMなんば,大阪府大阪市中央区島之内２丁目１４-２３,2013年10月,2013,大阪府,27_大阪府,230,賃貸,共立メンテナンス,大阪府/大阪市/中央区/島之内/二丁目/１４番,135.50674,34.67063,5,7,61,1150,1,68,650,2,27,230,1,2018,1170000,中高層の事務所ビル等が建ち並ぶ商業地域,長堀橋,120,商業
564,47,天然温泉花風の湯なんば,大阪府大阪市中央区日本橋１丁目４-１８,2016年10月,2016,大阪府,27_大阪府,168,賃貸,共立メンテナンス,大阪府/大阪市/中央区/中寺,135.506756,34.668112,5,8,58,1150,1,68,650,2,25,230,1,2018,831000,小売店舗、飲食店舗が建ち並ぶ商業地域,日本橋,190,商業
565,48,ドーミ一イン心斎橋,大阪府大阪市中央区西心斎橋２丁目１７-３,2005年7月,2005,大阪府,27_大阪府,134,賃貸,共立メンテナンス,大阪府/大阪市/中央区/西心斎橋/二丁目/１７番,135.49739,34.67073,5,7,63,920,0,67,650,2,18,230,0,2018,1520000,中高層の事務所ビル、店舗の建ち並ぶ商業地域,四ツ橋,150,商業
619,10,ホテル・ザ・ルーテル,大阪府大阪市中央区谷町３丁目１-６,2001年12月,2001,大阪府,27_大阪府,180,MC,グランビスタホテル＆リゾート,大阪府/大阪市/中央区/谷町/三丁目/１番,135.51772,34.68399,5,7,75,1290,1,66,650,2,19,230,0,2018,1170000,中高層の事務所ビルが建ち並ぶ商業地域,谷町四丁目,100,商業
671,22,ホテルコルディア大阪,大阪府大阪市西区江戸堀１丁目３-２５,2017年2月,2017,大阪府,27_大阪府,83,MC,グリーンホスピタリティーマネジメント,大阪府/大阪市/西区/江戸堀/一丁目/３番,135.49689,34.69092,5,7,69,1100,1,60,600,2,12,180,0,2018,2330000,中高層の事務所、金融機関が多い業務商業地域,肥後橋,0,商業
746,10,クインテッサホテル大阪心斎橋,大阪府大阪市中央区東心斎橋１丁目８-２１,2017年9月,2017,大阪府,27_大阪府,132,賃貸,コアグローバルマネジメント,大阪府/大阪市/中央区/東心斎橋/一丁目/８番,135.50481,34.67395,5,7,60,1150,1,63,650,2,22,230,0,2018,1170000,中高層の事務所ビル等が建ち並ぶ商業地域,長堀橋,120,商業
747,11,ホテル・ラ・レゾン大阪,大阪府大阪市住之江区南港北1丁目13番65号コスモプラザビル,2017年12月,2017,大阪府,27_大阪府,182,賃貸,コアグローバルマネジメント,大阪府/大阪市/住之江区/南港北/一丁目/１３番,135.41599,34.6365,5,7,84,1310,2,87,810,3,38,390,1,2018,100000,大規模倉庫が多い臨海の工業地域,ポートタウン東,720,準工
772,9,大阪富士屋ホテル,大阪府大阪市中央区東心斎橋２-２-２,1981年6月,1981,大阪府,27_大阪府,180,MC,国際興業グループ,大阪府/大阪市/中央区/東心斎橋/二丁目/２番,135.50568,34.67066,5,7,61,1150,1,67,650,2,27,230,1,2018,1170000,中高層の事務所ビル等が建ち並ぶ商業地域,長堀橋,120,商業
794,13,ホテルサンルート梅田,大阪府大阪市北区豊崎３丁目９-１,1983年6月,1983,大阪府,27_大阪府,217,FC,サンルートホテルチェーン,大阪府/大阪市/北区/豊崎/三丁目/９番,135.4993,34.70948,5,7,75,1150,1,45,420,1,11,0,0,2018,689000,中高層の事務所ビル等の多い商業地域,中津,210,商業
832,51,ホテルサンルート大阪なんば,大阪府大阪市中央区日本橋１丁目１-１３,2016年4月,2016,大阪府,27_大阪府,698,賃貸,サンルートホテルチェーン,大阪府/大阪市/中央区/日本橋/一丁目/１番,135.50668,34.66847,5,7,59,1150,1,68,650,2,26,230,1,2018,559000,中層の店舗ビル等が建ち並ぶ繁華な商業地域,日本橋,140,商業
856,2,ホテルグランヴィア大阪,大阪府大阪市北区梅田３丁目１-１,1983年5月,1983,大阪府,27_大阪府,716,賃貸,JR西日本ホテルズ,大阪府/大阪市/北区/梅田/三丁目/１番,135.49765,34.70205,5,7,69,1100,1,45,420,1,1,0,0,2018,10800000,高層の店舗、事務所ビルが集まる中心的商業地域,大阪,0,商業
919,2,大阪ジョイテルホテル,大阪府大阪市住之江区新北島１丁目２-１,2007年7月,2007,大阪府,27_大阪府,229,賃貸,ジョイテルグループホテルズ,大阪府/大阪市/住之江区/新北島/一丁目/２番,135.47139,34.60867,5,7,66,1150,1,81,790,2,32,280,0,2018,225000,一般住宅、マンション等が混在する住宅地域,住之江公園,350,1住居
920,3,関西ジョイテルホテル,大阪府泉佐野市日根野４０６６,2010年12月,2010,大阪府,27_大阪府,270,賃貸,ジョイテルグループホテルズ,大阪府/泉佐野市/日根野/４０６６番地,135.32994,34.38976,5,7,20,460,0,112,1220,2,60,800,0,2018,116000,中低層の店舗兼共同住宅が多い駅前の商業地域,日根野,0,近商
922,2,スーパーホテル堺マリティマ,大阪府堺市堺区大町西３丁４-１,1997年4月,1997,大阪府,27_大阪府,99,賃貸,スーパーホテル,大阪府/堺市/堺区/大町西三丁/４番,135.4689,34.57863,5,7,42,820,0,93,1010,2,43,440,1,2018,180000,事務所、店舗、共同住宅等の混在する商業地域,堺,380,商業
931,11,スーパーホテル門真,大阪府門真市新橋町１５-２０,2001年6月,2001,大阪府,27_大阪府,105,賃貸,スーパーホテル,大阪府/門真市/新橋町/１５番,135.58295,34.73569,5,7,87,1420,3,48,550,0,32,430,2,2018,143000,小規模一般住宅、アパート等が混在する住宅地域,西三荘,400,2中専
934,14,ス一パーホテル梅田・肥後橋,大阪府大阪市西区江戸堀１丁目２０-１,2001年12月,2001,大阪府,27_大阪府,80,賃貸,スーパーホテル,大阪府/大阪市/西区/江戸堀/一丁目/２０番,135.49515,34.68866,5,7,72,1100,1,62,600,2,15,180,0,2018,2330000,中高層の事務所、金融機関が多い業務商業地域,肥後橋,0,商業
941,21,スーパーホテル御堂筋線・江坂,大阪府吹田市広芝町１２-３３,2003年2月,2003,大阪府,27_大阪府,108,賃貸,スーパーホテル,大阪府/吹田市/広芝町/１２番,135.49832,34.75533,5,7,88,1200,1,48,470,1,26,230,0,2018,834000,店舗兼共同住宅、事務所ビルが見られる商業地域,江坂,170,商業
948,28,スーパーホテル大阪・谷町四丁目,大阪府大阪市中央区常盤町２丁目２-２９,2004年2月,2004,大阪府,27_大阪府,74,賃貸,スーパーホテル,大阪府/大阪市/中央区/常盤町/二丁目/２番,135.51372,34.68213,5,7,69,1150,2,68,650,2,21,230,0,2018,1100000,中高層の事務所ビルが建ち並ぶ商業地域,谷町四丁目,300,商業
949,29,スーパーホテル大阪・天王寺,大阪府大阪市天王寺区逢阪２丁目３-３,2004年2月,2004,大阪府,27_大阪府,124,賃貸,スーパーホテル,大阪府/大阪市/天王寺区/逢阪/二丁目/３番,135.51318,34.65255,5,7,64,1060,0,77,650,2,31,230,0,2018,381000,一般住宅のほかに事務所等が見られる住宅地域,四天王寺前夕陽ヶ丘,450,2住居
955,35,スーパーホテルなんば・日本橋,大阪府大阪市中央区日本橋１丁目２０-５,2004年12月,2004,大阪府,27_大阪府,136,賃貸,スーパーホテル,大阪府/大阪市/中央区/日本橋/一丁目/２０番,135.50577,34.66573,5,7,56,1150,1,67,650,2,25,230,1,2018,559000,中層の店舗ビル等が建ち並ぶ繁華な商業地域,日本橋,140,商業
967,47,ス一パーホテルJR新大阪東口,大阪府大阪市東淀川区東中島１丁目１３-２６,2006年7月,2006,大阪府,27_大阪府,105,賃貸,スーパーホテル,大阪府/大阪市/東淀川区/東中島/一丁目/１３番,135.50365,34.73199,5,7,85,1200,1,49,420,2,15,160,0,2018,345000,中高層店舗付共同住宅等が建ち並ぶ商業地域,新大阪,600,商業
1017,97,スーパーホテル大阪天然温泉,大阪府大阪市西区江戸堀３丁目６-３５,1997年5月,1997,大阪府,27_大阪府,440,賃貸,スーパーホテル,大阪府/大阪市/西区/江戸堀/三丁目/６番,135.48569,34.68558,5,7,74,1100,1,77,540,2,20,120,0,2018,693000,高層の店舗付共同住宅や共同住宅の多い商業地域,阿波座,180,商業
1033,113,スーパーホテルLohas地下鉄四橋・本町24号口,大阪府大阪市西区西本町１丁目５-１０,2016年4月,2016,大阪府,27_大阪府,170,賃貸,スーパーホテル,大阪府/大阪市/西区/西本町/一丁目/５番,135.49648,34.68245,5,7,67,1100,1,63,600,2,14,180,0,2018,1350000,中高層の事務所ビルが建ち並ぶ商業地域,本町,0,商業
1140,25,チサンイン大阪ほんまち,大阪府大阪市中央区博労町２丁目３-８,2009年7月,2009,大阪府,27_大阪府,130,賃貸,ソラーレホテルズアンドリゾーツ,大阪府/大阪市/中央区/博労町/二丁目/３番,135.5049,34.67814,5,7,63,1150,1,68,650,2,27,180,0,2018,1670000,中高層の店舗兼事務所ビルが建ち並ぶ商業地域,長堀橋,80,商業
1153,38,ホテル・アンドルームス大阪本町,大阪府大阪市西区靱本町1-7-7-1F,2017年4月,2017,大阪府,27_大阪府,103,MC,ソラーレホテルズアンドリゾーツ,大阪府/大阪市/西区/靱本町/一丁目/７番,135.49736,34.68659,5,7,71,1100,1,62,600,2,16,180,0,2018,2330000,中高層の事務所、金融機関が多い業務商業地域,肥後橋,0,商業
1157,2,ダイワロイネットホテル四ツ橋,大阪府大阪市西区新町１丁目１０-１２,2004年7月,2004,大阪府,27_大阪府,151,賃貸直営,ダイワロイネットホテルズ,大阪府/大阪市/西区/新町/一丁目/１０番,135.49646,34.67781,5,7,68,1100,1,67,600,2,18,180,0,2018,800000,中高層の事務所、店舗ビル等が建ち並ぶ商業地域,本町,500,商業
1177,22,ダイワロイネットホテル大阪上本町,大阪府大阪市天王寺区上本町６丁目７-５,2010年7月,2010,大阪府,27_大阪府,224,賃貸直営,ダイワロイネットホテルズ,大阪府/大阪市/天王寺区/上本町/六丁目/７番,135.51866,34.66436,5,7,67,1300,2,73,650,2,27,230,0,2018,999000,中高層の店舗、事務所が建ち並ぶ商業地域,大阪上本町,100,商業
1182,27,ダイワロイネットホテル堺東,大阪府堺市堺区新町５-１３,2011年3月,2011,大阪府,27_大阪府,230,賃貸直営,ダイワロイネットホテルズ,大阪府/堺市/堺区/新町/５番,135.48256,34.57271,5,7,59,1040,1,88,860,3,35,440,1,2018,280000,中規模一般住宅が多く並ぶ住宅地域,堺東,200,2中専
1191,36,ダイワロイネットホテル大阪北浜,大阪府大阪市中央区高麗橋２丁目２-１４,2013年5月,2013,大阪府,27_大阪府,260,賃貸直営,ダイワロイネットホテルズ,大阪府/大阪市/中央区/高麗橋/二丁目/２番,135.50604,34.68944,5,7,65,1150,1,61,600,2,20,180,0,2018,2070000,中高層の事務所、店舗ビル等が建ち並ぶ商業地域,北浜,0,商業
1230,2,コンフォートホテル大阪心斎橋,大阪府大阪市中央区東心斎橋１丁目１５-１５,2002年10月,2002,大阪府,27_大阪府,214,FC,チョイスホテルズジャパン,大阪府/大阪市/中央区/東心斎橋/一丁目/１５番,135.5038,34.67234,5,7,63,1150,1,63,650,2,22,230,0,2018,1930000,中高層の店舗ビル等が建ち並ぶ商業地域,心斎橋,60,商業
1241,13,コンフォートホテル堺,大阪府堺市堺区竜神橋町１-５-１,2005年6月,2005,大阪府,27_大阪府,119,FC,チョイスホテルズジャパン,大阪府/堺市/堺区/竜神橋町一丁/５番,135.46698,34.57944,5,7,39,820,0,90,1010,2,40,440,1,2018,180000,事務所、店舗、共同住宅等の混在する商業地域,堺,380,商業
1313,2,帝国ホテル大阪,大阪府大阪市北区天満橋１丁目８-５０,1996年3月,1996,大阪府,27_大阪府,381,直営,帝国ホテル,大阪府/大阪市/北区/天満橋/一丁目/８番,135.52007,34.70093,5,7,77,1150,1,62,540,2,14,120,0,2018,290000,一般住宅、アパート、店舗等が混在する住宅地域,桜ノ宮,250,2中専
1372,13,ザパークフロントホテルアットユニバーサル・スタジオ・ジャパン,大阪府大阪市此花区島屋６-２-５２,2015年8月,2015,大阪府,27_大阪府,598,MC,東急ホテルズ,大阪府/大阪市/此花区/島屋/六丁目/２番,135.43857,34.66899,5,7,79,1100,2,67,600,3,16,180,1,2018,213000,小規模一般住宅が建ち並ぶ住宅地域,朝潮橋,630,準工
1390,31,新大阪江坂東急RE!ホテル,大阪府吹田市豊津町９-６,1983年10月,1983,大阪府,27_大阪府,363,賃貸,東急ホテルズ,大阪府/吹田市/豊津町/９番,135.49667,34.75961,5,7,87,1200,1,47,470,1,25,230,0,2018,1190000,中層ビル、飲食店等が建ち並ぶ駅近接の商業地域,江坂,120,商業
1391,32,大阪東急REIホテル,大阪府大阪市北区堂山町２-１,1978年9月,1978,大阪府,27_大阪府,402,賃貸,東急ホテルズ,大阪府/大阪市/北区/堂山町/２番,135.50372,34.70265,5,7,75,1150,1,48,420,1,9,0,0,2018,1250000,中高層の事務所、店舗ビルが建ち並ぶ商業地域,中崎町,150,商業
1415,12,東橫INN新大阪中央口本館,大阪府大阪市淀川区西中島５-２-９,1996年9月,1996,大阪府,27_大阪府,202,NA,東横INN,大阪府/大阪市/淀川区/西中島/五丁目/２番,135.50124,34.72915,5,7,79,1150,1,46,420,2,17,160,0,2018,655000,高層の事務所、共同住宅等が混在する商業地域,新大阪,430,商業
1422,19,東橫INN大阪心斎橋西,大阪府大阪市西区北堀江１丁目９-２２,1998年3月,1998,大阪府,27_大阪府,143,NA,東横INN,大阪府/大阪市/西区/北堀江/一丁目/９番,135.4957,34.67451,5,7,65,1100,1,65,650,2,16,230,0,2018,953000,中高層の事務所に店舗等も多い既成商業地域,四ツ橋,150,商業
1430,27,東橫INN天満橋大手前,大阪府大阪市中央区大手通１丁目４-１５,2000年5月,2000,大阪府,27_大阪府,119,NA,東横INN,大阪府/大阪市/中央区/大手通/一丁目/４番,135.51514,34.68616,5,7,75,1150,2,71,600,2,24,180,0,2018,715000,中高層の共同住宅、事務所等が多い商業地域,谷町四丁目,560,商業
1431,28,東橫INN梅田中津I,大阪府大阪市北区豊崎３丁目２０-４,2000年7月,2000,大阪府,27_大阪府,170,NA,東横INN,大阪府/大阪市/北区/豊崎/三丁目/２０番,135.49673,34.70957,5,7,73,1150,1,42,420,1,8,0,0,2018,1300000,高層の店舗兼事務所ビルが多い繁華な商業地域,中津,0,商業
1435,32,東橫INN大阪船場東,大阪府大阪市中央区農人橋２丁目４-２９,2001年2月,2001,大阪府,27_大阪府,189,NA,東横INN,大阪府/大阪市/中央区/農人橋/二丁目/４番,135.51244,34.681,5,7,69,1150,1,70,650,2,23,230,0,2018,1100000,中高層の事務所ビルが建ち並ぶ商業地域,谷町四丁目,300,商業
1443,40,東橫INN大阪船場,大阪府大阪市中央区北久宝寺町２丁目３-６,2002年1月,2002,大阪府,27_大阪府,96,NA,東横INN,大阪府/大阪市/中央区/北久宝寺町/二丁目/３番,135.50493,34.67974,5,7,63,1150,1,66,600,2,24,180,0,2018,860000,中高層の事務所、店舗ビルが建ち並ぶ商業地域,堺筋本町,340,商業
1449,46,東横INN大阪なんば府立体育会館西,大阪府大阪市浪速区元町２丁目８-７,2002年5月,2002,大阪府,27_大阪府,142,NA,東横INN,大阪府/大阪市/浪速区/元町/二丁目/８番,135.49744,34.66155,5,7,56,920,0,68,650,2,21,230,0,2018,680000,中高層の店舗、事務所ビル等が建ち並ぶ商業地域,大国町,400,商業
1465,62,東橫INN堺東駅前,大阪府堺市堺区市之町東６-２-１４,2003年7月,2003,大阪府,27_大阪府,111,NA,東横INN,大阪府/堺市/堺区/市之町東六丁/２番,135.47893,34.57538,5,7,50,820,0,91,860,3,38,440,1,2018,178000,事務所、店舗、共同住宅等が混在する商業地域,堺東,1000,商業
1485,82,東橫INN新大阪中央口新館,大阪府大阪市淀川区西中島５丁目２-６,2004年9月,2004,大阪府,27_大阪府,101,NA,東横INN,大阪府/大阪市/淀川区/西中島/五丁目/２番,135.50124,34.72915,5,7,79,1150,1,46,420,2,17,160,0,2018,655000,高層の事務所、共同住宅等が混在する商業地域,新大阪,430,商業
1524,121,東橫INN大阪梅田東,大阪府大阪市北区西天満５丁目３-２５,2006年6月,2006,大阪府,27_大阪府,241,NA,東横INN,大阪府/大阪市/北区/西天満/五丁目/３番,135.50879,34.69916,5,7,66,1150,1,63,540,2,15,120,0,2018,1370000,中高層の事務所ビルが多い商業地域,南森町,140,商業
1526,123,東橫INN淀屋橋駅南,大阪府大阪市中央区平野町３丁目４-６,2006年6月,2006,大阪府,27_大阪府,376,NA,東横INN,大阪府/大阪市/中央区/平野町/三丁目/４番,135.50218,34.68794,5,7,70,1100,1,58,600,2,17,180,0,2018,1390000,中高層の事務所ビル、店舗が建ち並ぶ商業地域,淀屋橋,400,商業
1545,142,束横INN大阪谷四交差点,大阪府大阪市中央区谷町４丁目１１-１,2007年1月,2007,大阪府,27_大阪府,195,NA,東横INN,大阪府/大阪市/中央区/谷町/四丁目/１１番,135.51688,34.68076,5,7,66,1150,2,66,650,2,19,230,0,2018,566000,中層の事務所、マンション等の混在する商業地域,谷町四丁目,400,商業
1548,145,東横INN大阪阪急十三駅西口,大阪府大阪市淀川区十三本町１丁目１３-４,2007年2月,2007,大阪府,27_大阪府,275,NA,東横INN,大阪府/大阪市/淀川区/十三本町/一丁目/１３番,135.4798,34.7193,5,7,85,1250,2,37,420,1,16,150,0,2018,262000,中低層の小売店舗が建ち並ぶ商業地域,十三,160,商業
1596,193,東橫INN大阪JR野田駅前,大阪府大阪市福島区吉野２丁目２-２,2009年1月,2009,大阪府,27_大阪府,215,NA,東横INN,大阪府/大阪市/福島区/吉野/二丁目/２番,135.47614,34.69036,5,7,69,1100,1,66,540,2,9,120,0,2018,309000,小規模な小売店舗が建ち並ぶ駅前の商業地域,野田阪神,150,商業
1629,226,東橫INN大阪鶴橋駅前,大阪府大阪市天王寺区舟橋町１５-３１,2010年11月,2010,大阪府,27_大阪府,119,NA,東横INN,大阪府/大阪市/天王寺区/舟橋町/１５番,135.5294,34.6669,5,7,72,1060,1,68,600,2,20,180,0,2018,421000,一般住宅に中層の営業所等が混在する住宅地域,鶴橋,450,2住居
1632,229,東橫INN新大阪駅東口,大阪府大阪市東淀川区西淡路２丁目８-５,2011年2月,2011,大阪府,27_大阪府,128,NA,東横INN,大阪府/大阪市/東淀川区/西淡路/二丁目/８番,135.50621,34.73696,5,7,87,1200,1,50,420,2,13,160,0,2018,183000,一般住宅、アパート等が建ち並ぶ住宅地域,崇禅寺,500,2中専
1633,230,東橫INN大阪伊丹空港,大阪府豊中市蛍池西町2丁目13-16,2011年4月,2011,大阪府,27_大阪府,296,NA,東横INN,大阪府/豊中市/螢池西町/二丁目/１３番,135.44247,34.79374,5,7,107,1320,2,10,0,0,34,220,0,2018,154000,小規模住宅に事業所等が混在する住宅地域,蛍池,750,準工
1637,234,東橫INN梅田中津Ⅱ,大阪府大阪市北区豊崎４丁目１２-１３,2013年10月,2013,大阪府,27_大阪府,223,NA,東横INN,大阪府/大阪市/北区/豊崎/四丁目/１２番,135.50073,34.71351,5,7,76,1150,1,49,420,1,17,0,0,2018,689000,中高層の事務所ビル等の多い商業地域,中津,210,商業
1640,237,東横INNあべの天王寺,大阪府大阪市西成区山王１丁目１-７,2014年10月,2014,大阪府,27_大阪府,41,NA,東横INN,大阪府/大阪市/西成区/山王/一丁目/１番,135.50746,34.64827,5,7,54,920,0,67,650,2,23,230,1,2018,370000,中低層の店舗兼共同住宅等が建ち並ぶ商業地域,恵美須町,120,商業
1644,241,東横INN大阪通天閣前,大阪府大阪市浪速区恵美須東2-3-4,2015年5月,2015,大阪府,27_大阪府,179,NA,東横INN,大阪府/大阪市/浪速区/恵美須東/二丁目/３番,135.50641,34.65173,5,7,54,920,0,68,650,2,24,230,1,2018,370000,中低層の店舗兼共同住宅等が建ち並ぶ商業地域,恵美須町,120,商業
1646,243,東横INN大阪なんば日本橋,大阪府大阪市浪速区日本橋４丁目１１-４,2015年7月,2015,大阪府,27_大阪府,238,NA,東横INN,大阪府/大阪市/浪速区/日本橋/四丁目/１１番,135.50557,34.66005,5,7,56,920,0,73,650,2,31,230,1,2018,876000,中層店舗、事務所ビルが建ち並ぶ商業地域,恵美須町,250,商業
1655,252,東横INN大阪船場Ⅱ,大阪府大阪市中央区南久宝寺町２丁目５-１４,2017年2月,2017,大阪府,27_大阪府,153,NA,東横INN,大阪府/大阪市/中央区/中寺,135.503628,34.679405,5,8,65,1150,1,66,600,2,24,180,0,2018,860000,中高層の事務所、店舗ビルが建ち並ぶ商業地域,堺筋本町,340,商業
1665,3,西鉄イン心斎橋,大阪府大阪市中央区西心斎橋１丁目１５-１２,2000年11月,2000,大阪府,27_大阪府,162,直営,西鉄ホテルズ,大阪府/大阪市/中央区/西心斎橋/一丁目/１５番,135.49768,34.67361,5,7,68,1100,1,64,650,2,19,230,0,2018,1520000,中高層の事務所ビル、店舗の建ち並ぶ商業地域,四ツ橋,150,商業
1680,2,ホテルニューオータ二大阪,大阪府大阪市中央区城見１丁目４-１,1986年9月,1986,大阪府,27_大阪府,525,直営,二ューオータ二ホテルズ,大阪府/大阪市/中央区/城見/一丁目/４番,135.53333,34.69012,5,7,83,1190,1,66,580,2,18,160,0,2018,1040000,大規模の高層事務所ビルが建ち並ぶ商業地域,大阪ビジネスパーク,230,商業
1696,5,ネストホテル大阪心斎橋,大阪府大阪市中央区南船場２丁目４-１０,2014年2月,2014,大阪府,27_大阪府,302,賃貸,ネストホテルグループ,大阪府/大阪市/中央区/南船場/二丁目/４番,135.50583,34.67513,5,7,59,1150,1,65,650,2,25,230,1,2018,1670000,中高層の店舗兼事務所ビルが建ち並ぶ商業地域,長堀橋,80,商業
1698,1,ハートンホテル心斎橋,大阪府大阪市中央区西心斎橋１丁目５-２４,1984年6月,1984,大阪府,27_大阪府,302,貸貸,ハートンホテル,大阪府/大阪市/中央区/西心斎橋/一丁目/５番,135.49976,34.67233,5,7,65,920,0,63,650,2,19,230,0,2018,2710000,中高層の店舗ビル等が建ち並ぶ商業地域,心斎橋,250,商業
1700,3,ハートンホテル西梅田,大阪府大阪市北区梅田３丁目３-５５,1999年5月,1999,大阪府,27_大阪府,471,貸貸,ハートンホテル,大阪府/大阪市/北区/梅田/三丁目/３番,135.49217,34.6993,5,7,71,1100,1,50,420,1,3,0,0,2018,2130000,中高層の事務所ビルが建ち並ぶ商業地域,西梅田,140,商業
1701,4,ハートンホテル南船場,大阪府大阪市中央区南船場２丁目１２-２２,2001年10月,2001,大阪府,27_大阪府,203,貸貸,ハートンホテル,大阪府/大阪市/中央区/南船場/二丁目/１２番,135.50385,34.67512,5,7,61,1150,1,63,650,2,22,230,0,2018,1150000,中高層の店舗兼事務所ビルが多い商業地域,心斎橋,300,商業
1703,6,ハートンホテル北梅田,大阪府大阪市北区豊崎３丁目１２-１０,2011年3月,2011,大阪府,27_大阪府,330,貸貸,ハートンホテル,大阪府/大阪市/北区/豊崎/三丁目/１２番,135.49817,34.70979,5,7,74,1150,1,44,420,1,10,0,0,2018,689000,中高層の事務所ビル等の多い商業地域,中津,210,商業
1710,7,ハイアットリージェンシー大阪,大阪府南港北1-13-11,1994年6月,1994,大阪府,27_大阪府,480,MC,ハイアットホテルズアンドリゾート,大阪府/南河内,135.416502,34.637099,4,8,66,1150,1,70,600,3,27,230,0,2018,100000,大規模倉庫が多い臨海の工業地域,ポートタウン東,720,準工
1746,25,レム新大阪,大阪府大阪市淀川区宮原１丁目１-１,2012年9月,2012,大阪府,27_大阪府,296,直営,阪急阪神第一ホテルグループ,,135.499674,34.733895,4,8,78,1200,1,51,650,1,13,160,0,2018,477000,高層の事務所、マンション等が混在する商業地域,東三国,350,商業
1747,26,ホテル阪急インターナショナル,大阪府大阪市北区茶屋町１９-１９,1992年11月,1992,大阪府,27_大阪府,168,直営,阪急阪神第一ホテルグループ,大阪府/大阪市/北区/茶屋町/１９番,135.49861,34.70857,5,7,76,1150,1,44,420,1,7,0,0,2018,4030000,高層の店舗、事務所ビルが建ち並ぶ商業地域,梅田,110,商業
1748,27,大阪新阪急ホテル,大阪府大阪市北区芝田１丁目１-３５,1964年8月,1964,大阪府,27_大阪府,922,直営,阪急阪神第一ホテルグループ,大阪府/大阪市/北区/芝田/一丁目/１番,135.49849,34.70454,5,7,71,1150,1,43,420,1,3,0,0,2018,10300000,高層の店舗、事務所等が建ち並ぶ商業地域,梅田,0,商業
1749,28,新阪急ホテルアネックス,大阪府大阪市北区芝田１丁目８-１,1985年7月,1985,大阪府,27_大阪府,302,直営,阪急阪神第一ホテルグループ,大阪府/大阪市/北区/芝田/一丁目/８番,135.49719,34.70707,5,7,74,1150,1,43,420,1,5,0,0,2018,3150000,高層の事務所等が建ち並ぶ駅に近接する商業地域,梅田,250,商業
1750,29,梅田OSホテル,大阪府大阪市北区曾根崎２丁目１１-５,1974年10月,1974,大阪府,27_大阪府,283,その他(リファーラル),阪急阪神第一ホテルグループ,大阪府/大阪市/北区/曽根崎/二丁目/１１番,135.50015,34.70043,5,7,74,1200,2,47,420,1,7,0,0,2018,2180000,中層の飲食店、レジャー施設等が建ち並ぶ地域,東梅田,230,商業
1751,30,ホテル阪神,大阪府大阪市福島区福島５丁目６-１６,1967年4月,1967,大阪府,27_大阪府,289,直営,阪急阪神第一ホテルグループ,大阪府/大阪市/福島区/福島/五丁目/６番,135.48726,34.69646,5,7,65,1100,1,56,540,2,5,120,0,2018,480000,飲食店舗、小売店舗が建ち並ぶ商業地域,福島,100,商業
1752,31,大阪第一ホテル,大阪府大阪市北区梅田１丁目９-２０,1976年4月,1976,大阪府,27_大阪府,460,FC,阪急阪神第一ホテルグループ,大阪府/大阪市/北区/梅田/一丁目/９番,135.49695,34.69995,5,7,71,1100,1,48,420,1,3,0,0,2018,10800000,高層の店舗、事務所ビルが集まる中心的商業地域,大阪,0,商業
1753,32,千里阪急ホテル,大阪府豊中市新千里東町２丁目１,1970年3月,1970,大阪府,27_大阪府,203,直営,阪急阪神第一ホテルグループ,大阪府/豊中市/新千里東町/二丁目/１番,135.49797,34.80826,5,7,98,1340,1,24,330,0,36,370,0,2018,970000,大型店舗、高層事務所が集積する駅前の商業地域,千里中央,0,商業
1754,33,ホテル阪急工キスポパーク,大阪府吹田市千里万博公園１-５,※2004年4月,2004,大阪府,27_大阪府,99,直営,阪急阪神第一ホテルグループ,大阪府/吹田市/千里万博公園/１番,135.52557,34.80685,5,7,111,1670,3,33,370,0,53,220,0,2018,221000,中層の店舗兼共同住宅等が建ち並ぶ路線商業地域,山田,800,1住居
1799,2,ヒルトン大阪,大阪府大阪市北区中之島３丁目２-４,1986年9月,1986,大阪府,27_大阪府,527,MC,ヒルトン,大阪府/大阪市/北区/中之島/三丁目/２番,135.49469,34.69328,5,7,72,1100,1,62,600,2,15,180,0,2018,1090000,中高層ビルの事務所、店舗が建ち並ぶ商業地域,西梅田,370,商業
1811,14,コンラッド大阪,大阪府大阪市北区中之島３丁目２-４,2017年6月,2017,大阪府,27_大阪府,146,MC,ヒルトン,大阪府/大阪市/北区/中之島/三丁目/２番,135.49469,34.69328,5,7,72,1100,1,62,600,2,15,180,0,2018,1090000,中高層ビルの事務所、店舗が建ち並ぶ商業地域,西梅田,370,商業
1879,4,ホテルブライトンシティ大阪北浜,大阪府大阪市中央区伏見町１丁目１,2008年4月,2008,大阪府,27_大阪府,234,賃貸,ブライトンホテルズ,大阪府/大阪市/中央区/伏見町/一丁目/１番,135.50795,34.68903,5,7,65,1150,1,63,600,2,23,180,1,2018,2070000,中高層の事務所、店舗ビル等が建ち並ぶ商業地域,北浜,0,商業
1951,19,ベッセルイン心斎橋,大阪府大阪市中央区南船場2丁目12番11号,2017年5月,2017,大阪府,27_大阪府,133,賃貸,ベッセルグループ,大阪府/大阪市/中央区/南船場/二丁目/１２番,135.50385,34.67512,5,7,61,1150,1,63,650,2,22,230,0,2018,1150000,中高層の店舗兼事務所ビルが多い商業地域,心斎橋,300,商業
2013,32,スマイルホテルなんば,大阪府大阪市浪速区幸町３丁目３-９,2010年2月,2010,大阪府,27_大阪府,88,賃貸,ホスピタリティパートナーズグループ,大阪府/大阪市/浪速区/幸町/三丁目/３番,135.48579,34.66891,5,7,66,1040,1,74,650,3,24,180,0,2018,453000,中高層の事務所、共同住宅等が混在する商業地域,桜川,300,商業
2014,33,スマイルホテルプレミアム大阪本町,大阪府大阪市中央区南船場２丁目６８-,2017年12月,2017,大阪府,27_大阪府,296,賃貸,ホスピタリティパートナーズグループ,大阪府/大阪市/中央区/南船場/二丁目,135.505052,34.67774,5,8,62,1150,1,65,650,2,24,230,0,2018,1670000,中高層の店舗兼事務所ビルが建ち並ぶ商業地域,長堀橋,80,商業
2100,14,ホテルウィングインターナショナル新大阪,大阪府大阪市淀川区東三国２丁目３２-９,2011年7月,2011,大阪府,27_大阪府,159,賃貸,ホテルウィングインターナショナル,大阪府/大阪市/淀川区/東三国/二丁目/３２番,135.49873,34.74411,5,7,87,1200,1,53,650,1,18,160,0,2018,219000,小規模一般住宅が建ち並ぶ住宅地域,東三国,420,1住居
2109,23,ホテルウィングインターナショナルセレクト東大阪,大阪府東大阪市長田東２丁目１-２,2017年11月,2017,大阪府,27_大阪府,132,賃貸,ホテルウィングインターナショナル,大阪府/東大阪市/長田東/二丁目/１番,135.59277,34.67928,5,7,76,1200,2,79,700,3,33,280,1,2018,265000,中高層の店舗、共同住宅等が立地する商業地域,長田,0,商業
2112,2,ヴィラフォンテーヌ心斎橋,大阪府大阪市中央区南船場３丁目５-２４,1997年7月,1997,大阪府,27_大阪府,90,所有直営,ホテルヴィラフォンテーヌ,大阪府/大阪市/中央区/中寺,135.501723,34.67579,5,8,63,1150,1,61,650,2,20,230,0,2018,1150000,中高層の店舗兼事務所ビルが多い商業地域,心斎橋,300,商業
2132,1,ホテル京阪天満橋,大阪府大阪市中央区谷町１丁目２-１０,1979年3月,1979,大阪府,27_大阪府,315,賃貸直営,ホテル京阪チェーン,大阪府/大阪市/中央区/谷町/一丁目/２番,135.51765,34.68892,5,7,79,1290,1,66,600,2,19,180,0,2018,1300000,中高層の店舗、事務所ビルが多い既成商業地域,天満橋,0,商業
2134,3,ホテル京阪京橋グランデ,大阪府大阪市都島区東野田町２丁目１-３８,1990年3月,1990,大阪府,27_大阪府,214,賃貸直営,ホテル京阪チェーン,大阪府/大阪市/都島区/東野田町/二丁目/１番,135.53276,34.6973,5,7,73,1200,2,59,580,2,11,160,0,2018,580000,中高層の店舗兼事務所が建ち並ぶ駅前の商業地域,地下鉄京橋,80,商業
2135,4,ホテル京阪ユニバーサル・シティ,大阪府大阪市此花区島屋６丁目２-７８,2001年7月,2001,大阪府,27_大阪府,330,賃貸直営,ホテル京阪チェーン,大阪府/大阪市/此花区/島屋/六丁目/２番,135.43857,34.66899,5,7,80,1100,2,68,600,3,17,180,1,2018,213000,小規模一般住宅が建ち並ぶ住宅地域,朝潮橋,630,準工
2136,5,ホテル京阪ユニバーサル・タワー,大阪府大阪市此花区島屋６丁目２-４５,2008年5月,2008,大阪府,27_大阪府,641,賃貸直営,ホテル京阪チェーン,大阪府/大阪市/此花区/島屋/六丁目/２番,135.43857,34.66899,5,7,81,1100,2,69,600,3,18,180,1,2018,213000,小規模一般住宅が建ち並ぶ住宅地域,朝潮橋,630,準工
2139,8,ホテル京阪淀屋橋,大阪府大阪市中央区北浜２丁目４-６,2017年7月,2017,大阪府,27_大阪府,210,賃貸直営,ホテル京阪チェーン,大阪府/大阪市/中央区/北浜/二丁目/４番,135.50516,34.69111,5,7,66,1150,1,59,600,2,18,180,0,2018,1240000,中高層の事務所ビルが建ち並ぶ商業地域,北浜,250,商業
2157,11,シェルネルなんばby WBF,大阪府大阪市中央区日本橋２丁目９-１６,2016年4月,2016,大阪府,27_大阪府,94,賃貸,ホテルWBFグループ,大阪府/大阪市/中央区/日本橋/二丁目/９番,135.50627,34.66338,5,7,54,920,0,70,650,2,27,230,1,2018,559000,中層の店舗、営業所等が混在する商業地域,難波,450,商業
2162,16,ホテルWBF 淀屋橋南,大阪府大阪市中央区平野町３丁目１-６,2017年4月,2017,大阪府,27_大阪府,96,賃貸,ホテルWBFグループ,大阪府/大阪市/中央区/平野町/三丁目/１番,135.50311,34.68796,5,7,69,1150,1,59,600,2,18,180,0,2018,1390000,中高層の事務所ビル、店舗が建ち並ぶ商業地域,淀屋橋,400,商業
2163,17,ホテルWBF なんば稲荷,大阪府大阪市浪速区稲荷１丁目９－２７,2017年4月,2017,大阪府,27_大阪府,72,所有直営,ホテルWBFグループ,大阪府/大阪市/浪速区/稲荷/一丁目/９番,135.49149,34.66552,5,7,63,920,0,72,650,2,23,230,0,2018,341000,中高層の共同住宅、事業所等が混在する地域,なんば,450,準工
2164,18,ホテルWBF アートステイなんば,大阪府大阪市浪速区日本橋５丁目８-２５,2017年5月,2017,大阪府,27_大阪府,100,所有直営,ホテルWBFグループ,大阪府/大阪市/浪速区/日本橋/五丁目/８番,135.50616,34.65772,5,7,56,1100,1,73,820,1,28,230,1,2018,876000,中層店舗、事務所ビルが建ち並ぶ商業地域,恵美須町,250,商業
2165,19,パームガーデン舞洲 by WBF,大阪府大阪市此花区北港緑地２丁目３－５７,2017年10月,2017,大阪府,27_大阪府,30,賃貸,ホテルWBFグループ,大阪府/大阪市/此花区/北港緑地/二丁目/３番,135.39333,34.66363,5,7,156,1240,2,145,580,3,51,390,1,2018,78000,大規模物流センターが多い臨海部の工業地域,桜島,3500,準工
2167,21,ホテルWBF なんば元町,大阪府大阪市浪速区元町２丁目７-番20号,2017年11月,2017,大阪府,27_大阪府,111,所有直営,ホテルWBFグループ,大阪府/大阪市/浪速区/元町/二丁目/７番,135.49651,34.662,5,7,57,920,0,70,650,2,22,230,0,2018,680000,中高層の店舗、事務所ビル等が建ち並ぶ商業地域,大国町,400,商業
2175,2,ホテル法華クラブ大阪,大阪府大阪市北区兎我野町12-19,1966年3月,1966,大阪府,27_大阪府,220,直営,ホテル法華クラブグループ,大阪府/大阪市/北区/兎我野町/１２番,135.50275,34.70099,5,7,76,1200,2,49,420,1,9,0,0,2018,2180000,中層の飲食店、レジャー施設等が建ち並ぶ地域,東梅田,230,商業
2210,4,ホテルモントレ大阪,大阪府大阪市北区梅田３丁目３-４５,2000年5月,2000,大阪府,27_大阪府,194,賃貸,ホテルモントレグループ,大阪府/大阪市/北区/梅田/三丁目/３番,135.49217,34.6993,5,7,71,1100,1,52,420,1,5,0,0,2018,2130000,中高層の事務所ビルが建ち並ぶ商業地域,西梅田,140,商業
2216,10,ホテルモントレラ・スール大阪,大阪府大阪市中央区城見２丁目２-２２,2005年9月,2005,大阪府,27_大阪府,240,賃貸,ホテルモントレグループ,大阪府/大阪市/中央区/城見/二丁目/２番,135.53342,34.69364,5,7,78,1200,2,65,580,2,17,160,0,2018,1040000,大規模の高層事務所ビルが建ち並ぶ商業地域,大阪ビジネスパーク,230,商業
2221,15,ホテルモントレグラスミア大阪,大阪府大阪市浪速区湊町１丁目２-３,2009年7月,2009,大阪府,27_大阪府,348,賃貸,ホテルモントレグループ,大阪府/大阪市/浪速区/湊町/一丁目/２番,135.49588,34.66584,5,7,59,920,0,66,650,2,17,230,0,2018,341000,中高層の共同住宅、事業所等が混在する地域,なんば,450,準工
2228,3,ホテルリリーフなんば大国町,大阪府大阪市浪速区難波中３丁目１７-１５,2014年7月,2014,大阪府,27_大阪府,104,賃貸,ホテルリリーフ,大阪府/大阪市/浪速区/難波中/三丁目/１７番,135.49846,34.65943,5,7,58,920,0,66,650,2,21,230,0,2018,680000,中高層の店舗、事務所ビル等が建ち並ぶ商業地域,大国町,400,商業
2232,1,ホテル1-2-3天王寺,大阪府大阪市天王寺区寺田町２丁目３-１４,2000年3月,2000,大阪府,27_大阪府,60,賃貸,ホテル1-2-3チェーン,大阪府/大阪市/天王寺区/寺田町/二丁目/３番,135.52357,34.64994,5,7,69,1060,0,74,600,2,26,180,0,2018,189000,中小規模一般住宅を中心とする住宅地域,寺田町,230,1住居
2237,6,ホテル1-2-3堺,大阪府堺市堺区大町東４丁２-３０,2004年5月,2004,大阪府,27_大阪府,103,賃貸,ホテル1-2-3チェーン,大阪府/堺市/堺区/大町東四丁/２番,135.47571,34.5743,5,7,53,820,0,95,860,3,42,440,1,2018,178000,事務所、店舗、共同住宅等が混在する商業地域,堺東,1000,商業
2268,26,ホテルマイステイズ大手前,大阪府大阪市中央区徳井町１丁目３-２,1987年2月,1987,大阪府,27_大阪府,110,賃貸,ホテルマイステイズマネジメント,大阪府/大阪市/中央区/徳井町/一丁目/３番,135.51511,34.68395,5,7,77,1290,1,68,650,2,21,230,0,2018,1170000,中高層の事務所ビルが建ち並ぶ商業地域,谷町四丁目,100,商業
2269,27,ホテルマイステイズ堺筋本町,大阪府大阪市中央区淡路町１丁目４-８,2008年9月,2008,大阪府,27_大阪府,190,賃貸,ホテルマイステイズマネジメント,大阪府/大阪市/中央区/淡路町/一丁目/４番,135.508,34.68659,5,7,68,1150,1,66,600,2,26,180,1,2018,927000,中高層の事務所ビル等の建ち並ぶ商業地域,堺筋本町,300,商業
2271,29,ホテルマイステイズ新大阪CC,大阪府大阪市淀川区西中島６丁目２-１９,2016年3月,2016,大阪府,27_大阪府,397,賃貸,ホテルマイステイズマネジメント,大阪府/大阪市/淀川区/西中島/六丁目/２番,135.49768,34.72936,5,7,78,1150,1,45,420,2,17,160,0,2018,655000,高層の事務所、共同住宅等が混在する商業地域,新大阪,430,商業
2273,31,ホテルマイステイズ心斎橋,大阪府大阪市中央区西心斎橋１丁目９-３０,2001年10月,2001,大阪府,27_大阪府,54,賃貸,ホテルマイステイズマネジメント,大阪府/大阪市/中央区/西心斎橋/一丁目/９番,135.49886,34.6731,5,7,66,1100,1,62,650,2,20,230,0,2018,9300000,高層の事務所、店舗等が建ち並ぶ高度商業地域,心斎橋,0,商業
2274,32,ホテルマイステイズ心斎橋イースト,大阪府大阪市中央区島之内２丁目６-４,2016年3月,2016,大阪府,27_大阪府,85,賃貸,ホテルマイステイズマネジメント,大阪府/大阪市/中央区/島之内/二丁目/６番,135.50975,34.67147,5,7,65,1150,1,71,650,2,31,230,1,2018,406000,中層の店舗、事務所等の多い商業地域,日本橋,470,商業
2288,46,ホテルマイステイズ堂島,大阪府大阪市北区曾根崎新地２丁目４-１,2017年8月,2017,大阪府,27_大阪府,141,賃貸,ホテルマイステイズマネジメント,大阪府/大阪市/北区/曽根崎新地/二丁目/４番,135.49409,34.69747,5,7,74,1150,1,47,640,0,7,0,0,2018,2130000,中高層の事務所ビルが建ち並ぶ商業地域,西梅田,140,商業
2290,48,ホテルマイステイズ御堂筋本町,大阪府大阪市中央区本町3-2-10,2017年12月,2017,大阪府,27_大阪府,108,賃貸,ホテルマイステイズマネジメント,大阪府/大阪市/中央区/本町/三丁目/２番,135.50304,34.68332,5,7,64,1150,1,59,600,2,18,180,0,2018,2420000,中高層の事務所ビル等が建ち並ぶ中心的商業地域,本町,200,商業
2324,2,ザ・リッツ・カールトン大阪,大阪市北区梅田2丁目5番25号,1997年5月,1997,大阪府,27_大阪府,292,MC,マリオットインターナショナル,大阪府/大阪市/北区/梅田/二丁目/５番,135.49277,34.69836,5,7,71,1100,1,47,640,0,5,0,0,2018,2130000,中高層の事務所ビルが建ち並ぶ商業地域,西梅田,140,商業
2334,12,大阪マリオット都ホテル,大阪府大阪市阿倍野区阿倍野筋１丁目１-４３,2014年3月,2014,大阪府,27_大阪府,360,FC,マリオットインターナショナル,大阪府/大阪市/阿倍野区/阿倍野筋/一丁目/１番,135.51517,34.64553,5,7,59,1060,0,69,700,2,24,280,1,2018,2900000,百貨店、事務所店舗ビルが建ち並ぶ高度商業地域,大阪阿部野橋,0,商業
2336,14,コートヤード・バイ・マリオット新大阪ステーション,大阪府大阪市淀川区宮原１丁目２-７０,2015年11月,2015,大阪府,27_大阪府,332,MC,マリオットインターナショナル,大阪府/大阪市/淀川区/宮原/一丁目/２番,135.50082,34.73518,5,7,78,1200,1,51,650,1,13,160,0,2018,477000,高層の事務所、マンション等が混在する商業地域,東三国,350,商業
2341,19,シェラトン都ホテル大阪,大阪市天王寺区上本町6-1-55,1985年10月,1985,大阪府,27_大阪府,575,NA,マリオットインターナショナル,大阪府/大阪市/天王寺区/上本町/六丁目/１番,135.52135,34.66551,5,7,72,1070,1,75,650,2,29,230,0,2018,999000,中高層の店舗、事務所が建ち並ぶ商業地域,大阪上本町,100,商業
2344,22,ウェスティンホテル大阪,大阪府大阪市北区大淀中１丁目１-２０新梅田シティ内,1993年6月,1993,大阪府,27_大阪府,304,NA,マリオットインターナショナル,大阪府/大阪市/北区/大淀中/一丁目/１番,135.49016,34.70551,5,7,77,1100,1,47,420,1,9,0,0,2018,352000,中規模住宅に事業所等も混在する住宅地域,阪急中津,300,準工
2350,28,セントレジスホテル大阪,大阪府大阪市中央区本町３丁目６-１２,2010年10月,2010,大阪府,27_大阪府,160,NA,マリオットインターナショナル,大阪府/大阪市/中央区/本町/三丁目/６番,135.50117,34.68335,5,7,65,1100,1,57,600,2,16,180,0,2018,5250000,高層の事務所ビル等が建ち並ぶ商業地域,本町,50,商業
2364,42,モクシー大阪本町,大阪府大阪市中央区瓦町２丁目２-９,2017年11月,2017,大阪府,27_大阪府,155,NA,マリオットインターナショナル,大阪府/大阪市/中央区/瓦町/二丁目/２番,135.506,34.68578,5,7,63,1150,1,65,600,2,24,180,0,2018,1260000,中高層の事務所ビルが建ち並ぶ商業地域,本町,450,商業
2373,9,三井ガーデンホテル大阪プレミア,大阪府大阪市北区中之島３丁目４-１５,2014年3月,2014,大阪府,27_大阪府,271,賃貸,三井ガーデンホテルズ,大阪府/大阪市/北区/中之島/三丁目/４番,135.49339,34.69221,5,7,74,1100,1,64,600,2,17,180,0,2018,2330000,中高層の事務所、金融機関が多い業務商業地域,肥後橋,0,商業
2388,24,三井ガーデンホテル大阪淀屋橋,大阪府大阪市中央区高麗橋２丁目５-７,1984年1月,1984,大阪府,27_大阪府,278,賃貸,三井ガーデンホテルズ,大阪府/大阪市/中央区/高麗橋/二丁目/５番,135.50415,34.69001,5,7,67,1150,1,59,600,2,18,180,0,2018,1240000,中高層の事務所ビルが建ち並ぶ商業地域,北浜,250,商業
2401,13,ジェラトン都ホテル大阪,大阪府大阪市天王寺区上本町６丁目１-５５,1985年10月,1985,大阪府,27_大阪府,578,所有直営,都ホテルズ＆リゾーツ,大阪府/大阪市/天王寺区/上本町/六丁目/１番,135.52135,34.66551,5,7,72,1070,1,75,650,2,29,230,0,2018,999000,中高層の店舗、事務所が建ち並ぶ商業地域,大阪上本町,100,商業
2402,14,大阪マリオット都ホテル,大阪府大阪市阿倍野区阿倍野筋１丁目１-４３,2014年3月,2014,大阪府,27_大阪府,360,所有直営,都ホテルズ＆リゾーツ,大阪府/大阪市/阿倍野区/阿倍野筋/一丁目/１番,135.51517,34.64553,5,7,59,1060,0,69,700,2,24,280,1,2018,2900000,百貨店、事務所店舗ビルが建ち並ぶ高度商業地域,大阪阿部野橋,0,商業
2403,15,天王寺都ホテル,大阪府大阪市阿倍野区松崎町１丁目２-８,1992年7月,1992,大阪府,27_大阪府,200,所有直営,都ホテルズ＆リゾーツ,大阪府/大阪市/阿倍野区/松崎町/一丁目/２番,135.51749,34.64564,5,7,58,1060,0,68,700,2,23,190,0,2018,477000,一般住宅のほかに事務所等が見られる住宅地域,寺田町,400,2住居
2404,16,ホテル近鉄ユニバーサル・シティ,大阪府大阪市此花区島屋６丁目２-６８,2001年7月,2001,大阪府,27_大阪府,456,所有直営,都ホテルズ＆リゾーツ,大阪府/大阪市/此花区/島屋/六丁目/２番,135.43857,34.66899,5,7,79,1100,2,67,600,3,16,180,1,2018,213000,小規模一般住宅が建ち並ぶ住宅地域,朝潮橋,630,準工
2427,17,コートヤード・バイ・マリオット新大阪,大阪府大阪市淀川区宮原１丁目２-７０,2015年11月,2015,大阪府,27_大阪府,332,直営,森トラストグループ,大阪府/大阪市/淀川区/宮原/一丁目/２番,135.50082,34.73518,5,7,78,1200,1,51,650,1,13,160,0,2018,477000,高層の事務所、マンション等が混在する商業地域,東三国,350,商業
2445,4,ホテルユニゾ大阪淀屋橋,大阪府大阪市中央区高麗橋４-２-７,2009年4月,2009,大阪府,27_大阪府,333,直営,ホテルユ二ゾグループ,大阪府/大阪市/中央区/高麗橋/四丁目/２番,135.50023,34.68971,5,7,68,1100,1,56,600,2,15,180,0,2018,915000,中高層の店舗、事務所ビルが建ち並ぶ商業地域,肥後橋,200,商業
2470,1,リーガロイヤルホテル(大阪),大阪府大阪市北区中之島５丁目３-６８,1935年1月,1935,大阪府,27_大阪府,972,所有直営,リーガロイヤルホテルグループ,大阪府/大阪市/北区/中之島/五丁目/３番,135.48749,34.6902,5,7,76,1100,1,67,540,2,16,120,0,2018,841000,高層の共同住宅が多く見られる住宅地域,新福島,450,商業
2475,6,リーガ中之島イン,大阪府大阪市西区江戸堀１丁目１３-１０,1981年12月,1981,大阪府,27_大阪府,340,賃貸,リーガロイヤルホテルグループ,大阪府/大阪市/西区/江戸堀/一丁目/１３番,135.496,34.6918,5,7,69,1100,1,61,600,2,12,180,0,2018,2330000,中高層の事務所、金融機関が多い業務商業地域,肥後橋,0,商業
2502,3,サンメンバーズ大阪梅田,大阪府大阪市北区西天満4-15-18プラザ梅新,1978年2月,1978,大阪府,27_大阪府,69,所有直営,リゾートトラスト,大阪府/大阪市/北区/西天満/四丁目/１５番,135.5016,34.69776,5,7,74,1100,1,51,420,1,9,0,0,2018,845000,中高層の店舗、事務所ビルが建ち並ぶ商業地域,東梅田,550,商業
2530,31,ホテルトラスティ心斎橋,大阪府大阪市中央区南船場３丁目３-１７,2005年6月,2005,大阪府,27_大阪府,211,所有直営,リゾートトラスト,大阪府/大阪市/中央区/南船場/三丁目/３番,135.50287,34.67635,5,7,62,1150,1,62,650,2,21,230,0,2018,1150000,中高層の店舗兼事務所ビルが多い商業地域,心斎橋,300,商業
2540,41,ホテルトラスティ大阪阿倍野,大阪府大阪市阿倍野区阿倍野筋１丁目５-１０-３００,2012年3月,2012,大阪府,27_大阪府,202,賃貸直営,リゾートトラスト,大阪府/大阪市/阿倍野区/阿倍野筋/一丁目/５番,135.51154,34.64659,5,7,58,1060,0,71,700,2,26,190,0,2018,2900000,百貨店、事務所店舗ビルが建ち並ぶ高度商業地域,大阪阿部野橋,0,商業
2552,1,リッチモンドホテル東大阪,大阪府東大阪市長田中１丁目３-１６,1995年1月,1995,大阪府,27_大阪府,156,賃貸,リッチモンドホテルズ,大阪府/東大阪市/長田中/一丁目/３番,135.58943,34.6782,5,7,78,1200,2,81,700,3,35,280,1,2018,265000,中高層の店舗、共同住宅等が立地する商業地域,長田,0,商業
2584,33,リッツチモンドホテルなんば大国町,大阪府大阪市浪速区敷津東１-８-３１,2013年12月,2013,大阪府,27_大阪府,202,賃貸,リッチモンドホテルズ,大阪府/大阪市/浪速区/敷津東/一丁目/８番,135.49852,34.65811,5,7,58,920,0,65,650,2,20,230,0,2018,680000,中高層の店舗、事務所ビル等が建ち並ぶ商業地域,大国町,400,商業
2589,1,ホテルリブマックス新大阪,大阪府大阪市東淀川区東中島１丁目１５-７,2007年2月,2007,大阪府,27_大阪府,25,所有直営,リブマックスホテルズ＆リゾーツ,大阪府/大阪市/東淀川区/東中島/一丁目/１５番,135.50201,34.73145,5,7,84,1200,1,49,420,2,15,160,0,2018,345000,中高層店舗付共同住宅等が建ち並ぶ商業地域,新大阪,600,商業
2590,2,ホテルリブマックス大手前,大阪府大阪市中央区大手前１丁目６-５,2007年10月,2007,大阪府,27_大阪府,71,賃貸,リブマックスホテルズ＆リゾーツ,大阪府/大阪市/中央区/大手前/一丁目/６番,135.51808,34.68953,5,7,79,1290,1,66,600,2,19,180,0,2018,1300000,中高層の店舗、事務所ビルが多い既成商業地域,天満橋,0,商業
2591,3,ホテルリブマックス梅田,大阪府大阪市北区堂山町8-15,2007年11月,2007,大阪府,27_大阪府,22,所有直営,リブマックスホテルズ＆リゾーツ,大阪府/大阪市/北区/堂山町/８番,135.50302,34.70335,5,7,74,1200,1,46,420,1,7,0,0,2018,1250000,中高層の事務所、店舗ビルが建ち並ぶ商業地域,中崎町,150,商業
2593,5,ホテルリブマックス江坂,大阪府吹田市江の木町２-７,2009年6月,2009,大阪府,27_大阪府,54,賃貸,リブマックスホテルズ＆リゾーツ,大阪府/吹田市/江の木町/２番,135.4955,34.75679,5,7,87,1200,1,47,470,1,25,230,0,2018,1190000,中層ビル、飲食店等が建ち並ぶ駅近接の商業地域,江坂,120,商業
2608,20,ホテルリブマッタスなんば,大阪府大阪市浪速区稲荷2-1-3,2011年12月,2011,大阪府,27_大阪府,51,賃貸,リブマックスホテルズ＆リゾーツ,大阪府/大阪市/浪速区/稲荷/二丁目/１番,135.49052,34.66554,5,7,65,920,0,74,650,2,25,230,0,2018,392000,中高層の事務所、共同住宅等が混在する商業地域,桜川,260,準工
2650,62,ホテルリブマックス梅田中津,大阪府大阪市北区中津3-3-22,2016年12月,2016,大阪府,27_大阪府,28,直営,リブマックスホテルズ＆リゾーツ,大阪府/大阪市/北区/中津/三丁目/３番,135.49196,34.71064,5,7,79,1150,1,42,420,1,15,0,0,2018,352000,中規模住宅に事業所等も混在する住宅地域,阪急中津,300,準工
2651,63,ホテルリブマックス梅田堂山,大阪府大阪市北区堂山町8-15,2016年12月,2016,大阪府,27_大阪府,30,賃貸,リブマックスホテルズ＆リゾーツ,大阪府/大阪市/北区/堂山町/８番,135.50302,34.70335,5,7,74,1200,1,46,420,1,7,0,0,2018,1250000,中高層の事務所、店舗ビルが建ち並ぶ商業地域,中崎町,150,商業
2665,77,ホテルリブマックス大坂ドーム前,大阪府大阪市西区千代崎2-19-2,2017年10月,2017,大阪府,27_大阪府,58,直営,リブマックスホテルズ＆リゾーツ,大阪府/大阪市/西区/千代崎/二丁目/１９番,135.47949,34.67231,5,7,65,1040,1,74,600,2,23,180,0,2018,320000,小売店舗、飲食店等が建ち並ぶ駅前の商業地域,九条,250,商業
2751,82,ホテルルートイン大阪本町,大阪府大阪市西区西本町２丁目６-６,2004年10月,2004,大阪府,27_大阪府,346,賃貸,ルートインホテルズ,大阪府/大阪市/西区/西本町/二丁目/６番,135.48975,34.6817,5,7,70,1150,2,70,600,2,21,180,0,2018,544000,中高層の事務所、店舗等の建ち並ぶ既成商業地域,阿波座,360,商業
2915,246,ホテルルートイン和泉,大阪府和泉市あゆみ野４丁目３-１０,2017年3月,2017,大阪府,27_大阪府,200,所有直営,ルートインホテルズ,大阪府/和泉市/あゆみ野/四丁目/３番,135.4502,34.43603,5,7,109,630,1,148,1300,2,95,730,1,2018,65500,中規模住宅が多い丘陵地の住宅地域,和泉中央,3200,1低専
2939,270,アークホテル大阪心斎橋,大阪府大阪市中央区島之内１丁目１９-１８,2005年1月,2005,大阪府,27_大阪府,384,所有直営,ルートインホテルズ,大阪府/大阪市/中央区/島之内/一丁目/１９番,135.50684,34.67456,5,7,58,1150,1,66,650,2,24,230,1,2018,1280000,中高層の事務所ビルが多い国道沿いの商業地域,長堀橋,130,商業
2983,18,関西工アポートワシントンホテル,大阪府泉佐野市りんくう往来北１-７,2000年4月,2000,大阪府,27_大阪府,504,賃貸,WHG,大阪府/泉佐野市/りんくう往来北/１番地,135.30081,34.40984,5,7,9,370,0,119,1580,2,65,990,0,2018,59900,一般住宅の中に中高層共同住宅も存する住宅地域,羽倉崎,900,準工
3005,7,新大阪ワシントンホテルプラザ,大阪府大阪市淀川区西中島５丁目５-１５,1989年7月,1989,大阪府,27_大阪府,490,賃貸,ワシントンホテルプラザチェーン　R＆Bホテルチェーン,大阪府/大阪市/淀川区/西中島/五丁目/５番,135.50006,34.73063,5,7,79,1150,1,46,420,2,15,160,0,2018,655000,高層の事務所、共同住宅等が混在する商業地域,新大阪,430,商業
3025,27,R&Bホテル梅田東,大阪府大阪市北区曾根崎１丁目６-１５,2000年11月,2000,大阪府,27_大阪府,220,賃貸,ワシントンホテルプラザチェーン　R＆Bホテルチェーン,大阪府/大阪市/北区/曽根崎/一丁目/６番,135.50381,34.69906,5,7,72,1150,1,51,420,1,27,300,1,2018,613000,中高層の事務所、マンションが混在する商業地域,東梅田,590,商業
3039,41,R&Bホテル新大阪北口,大阪府大阪市淀川区宮原１丁目７番10号,2017年11月,2017,大阪府,27_大阪府,249,賃貸,ワシントンホテルプラザチェーン　R＆Bホテルチェーン,大阪府/大阪市/淀川区/宮原/一丁目/７番,135.49942,34.73651,5,7,81,1200,1,53,390,1,17,160,0,2018,477000,高層の事務所、マンション等が混在する商業地域,東三国,350,商業
