u_id,h_id,hotel_name,住所,y_m,o_year,prefecture,pre_code,rooms,management,brand,LocName,fX,fY,iConf,iLvl,haneda_dur,haneda_far,haneda_tra,narita_dur,narita_far,narita_tra,tokyo_dura,tokyo_fare,tokyo_tran,L01_005,lvalue,L01_044,L01_045,L01_046,L01_047
174,144,アパホテル町田駅東,東京都町田市原町田４丁目15番16号,2016年4月,2016,東京都,13_東京都,122,FC,アパホテルズ＆リゾーツ,東京都/町田市/原町田/四丁目/１５番,139.45076,35.54213,5,7,77,866,1,148,2117,2,74,535,2,2018,747000,中高層店舗やマンションが増えつつある商業地域,町田,400,商業
455,6,ベストウェスタンレンブラントホテル東京町田,東京都町田市原町田3-2-9,2016年4月,2016,東京都,13_東京都,100,FC,価値開発ホテルグループ,東京都/町田市/原町田/三丁目/２番,139.45006,35.54054,5,7,77,866,1,148,2117,2,75,535,2,2018,747000,中高層店舗やマンションが増えつつある商業地域,町田,400,商業
2495,8,ホテルリソル町田,東京都町田市森野１丁目１２-１５,1993年9月,1993,東京都,13_東京都,225,賃貸,リソルホテル&リゾーツ,東京都/町田市/森野/一丁目/１２番,139.44254,35.54424,5,7,76,866,1,147,2117,2,70,535,2,2018,1080000,中層の店舗、事務所ビルが多い駅前の商業地域,小田急町田,270,商業
1611,208,東横INN町田駅小田急線東口,東京都町田市中町１丁目３-３,2010年1月,2010,東京都,13_東京都,233,NA,東横INN,東京都/町田市/中町/一丁目/３番,139.44513,35.54686,5,7,79,866,1,150,2117,2,71,535,2,2018,801000,中層店舗ビルの間に一般住宅が見られる商業地域,小田急町田,100,商業
413,41,ホテルJALシティ羽田東京,東京都大田区羽田旭町４-１１,2005年4月,2005,東京都,13_東京都,308,MC,オークラホテルズ＆リゾーツ、ニッコーホテルズ・インターナショナル、ホテルJALシティ,東京都/大田区/羽田旭町/４番,139.7476,35.55204,5,7,21,304,0,121,1606,2,41,565,1,2018,443000,小売店舗、アパート等が混在する既成商業地域,穴守稲荷,240,近商
414,42,ホテルJALシティ羽田東京ウェストウィング,東京都大田区羽田旭町４-１６,2016年9月,2016,東京都,13_東京都,103,MC,オークラホテルズ＆リゾーツ、ニッコーホテルズ・インターナショナル、ホテルJALシティ,東京都/大田区/羽田旭町/４番,139.7476,35.55204,5,7,21,304,0,121,1606,2,42,565,1,2018,443000,小売店舗、アパート等が混在する既成商業地域,穴守稲荷,240,近商
433,5,ホテルJALシティ羽田東京,東京都大田区羽田旭町４-１１,2005年4月,2005,東京都,13_東京都,308,賃貸,オリックス不動産,東京都/大田区/羽田旭町/４番,139.7476,35.55204,5,7,21,304,0,121,1606,2,41,565,1,2018,443000,小売店舗、アパート等が混在する既成商業地域,穴守稲荷,240,近商
447,19,ホテルJALシティ羽田東京ウエストウイング,東京都大田区羽田旭町４-１６,2016年9月,2016,東京都,13_東京都,103,賃貸,オリックス不動産,東京都/大田区/羽田旭町/４番,139.7476,35.55204,5,7,21,304,0,121,1606,2,42,565,1,2018,443000,小売店舗、アパート等が混在する既成商業地域,穴守稲荷,240,近商
736,13,京急EXイン羽田,東京都大田区羽田５丁目５-１４,2017年10月,2017,東京都,13_東京都,313,MC,京急EXイン,東京都/大田区/羽田/五丁目/５番,139.75209,35.55044,5,7,21,154,0,118,1729,1,36,565,1,2018,443000,小売店舗、アパート等が混在する既成商業地域,穴守稲荷,240,近商
2255,13,ホテルマイステイズ羽田,東京都大田区羽田５丁目１-１３,2014年9月,2014,東京都,13_東京都,174,賃貸,ホテルマイステイズマネジメント,東京都/大田区/羽田/五丁目/１番,139.74883,35.55009,5,7,21,304,0,121,1606,2,40,565,1,2018,443000,小売店舗、アパート等が混在する既成商業地域,穴守稲荷,240,近商
2962,5,ロイヤルパークホテルザ羽田,東京都大田区羽田空港２-６-５羽田空港国際線旅客ターミナルビル内,2014年9月,2014,東京都,13_東京都,313,賃貸,ロイヤルパークホテルズ,東京都/大田区/羽田空港/二丁目/６番,139.76729,35.54541,5,7,16,195,0,107,1746,0,29,637,1,2018,443000,小売店舗、アパート等が混在する既成商業地域,穴守稲荷,240,近商
1438,35,東横INN羽田空港Ⅰ,東京都大田区羽田１丁目２-１,2001年8月,2001,東京都,13_東京都,250,NA,東横INN,東京都/大田区/羽田/一丁目/２番,139.74292,35.55183,5,7,23,304,0,120,1606,2,40,360,2,2018,681000,高層店舗兼共同住宅とホテルの多い路線商業地域,大鳥居,100,商業
1461,58,東横INN羽田空港Ⅱ,東京都大田区羽田１丁目１-７,2003年5月,2003,東京都,13_東京都,311,NA,東横INN,東京都/大田区/羽田/一丁目/１番,139.74126,35.55208,5,7,23,304,0,120,1606,2,40,360,2,2018,681000,高層店舗兼共同住宅とホテルの多い路線商業地域,大鳥居,100,商業
2231,6,リリーフプレミアム羽田空港,東京都大田区萩中３丁目６-９,2017年12月,2017,東京都,13_東京都,102,賃貸,ホテルリリーフ,東京都/大田区/萩中/三丁目/６番,139.7392,35.55209,5,7,18,304,0,115,1606,2,35,360,2,2018,437000,店舗、店舗兼共同住宅等が混在する既成商業地域,大鳥居,290,近商
1148,33,チサンイン蒲田,東京都大田区蒲田４丁目２３-１３,2012年7月,2012,東京都,13_東京都,70,賃貸,ソラーレホテルズアンドリゾーツ,東京都/大田区/蒲田/四丁目/２３番,139.72173,35.5605,5,7,20,335,0,104,1564,1,33,216,0,2018,484000,中規模一般住宅、共同住宅が混在する住宅地域,蒲田,660,1住居
1331,14,東急ステイ蒲田,東京都大田区蒲田４丁目２３-１,2011年4月,2011,東京都,13_東京都,141,賃貸,東急ステイ,東京都/大田区/蒲田/四丁目/２３番,139.72173,35.5605,5,7,19,335,0,103,1564,1,29,360,1,2018,484000,中規模一般住宅、共同住宅が混在する住宅地域,蒲田,660,1住居
2230,5,リリーフプレミアム羽田,東京都大田区南蒲田１丁目２５-１３,2017年10月,2017,東京都,13_東京都,120,賃貸,ホテルリリーフ,東京都/大田区/南蒲田/一丁目/２５番,139.72523,35.55719,5,7,23,335,0,107,1564,1,33,360,1,2018,905000,中高層の店舗兼共同住宅が多い駅前の商業地域,京急蒲田,150,商業
1404,1,東横INN蒲田Ⅰ,東京都大田区西蒲田８丁目７-7,1986年2月,1986,東京都,13_東京都,52,NA,東横INN,東京都/大田区/西蒲田/八丁目/７番,139.71103,35.56091,5,7,35,335,0,114,1534,2,30,216,0,2018,470000,一般住宅、共同住宅等が混在する住宅地域,蒲田,600,1住居
2257,15,ホテルマイステイズ蒲田,東京都大田区蒲田５丁目４６-５,2009年9月,2009,東京都,13_東京都,116,MC,ホテルマイステイズマネジメント,東京都/大田区/蒲田/五丁目/４６番,139.71593,35.56017,5,7,27,335,0,111,1564,1,31,216,0,2018,3550000,中高層建物の店舗が建ち並ぶ商業地域,蒲田,0,商業
979,59,スーパーホテル東京・JR蒲田西口,東京都大田区西蒲田５丁目19番17号,2007年11月,2007,東京都,13_東京都,118,賃貸,スーパーホテル,東京都/大田区/西蒲田/五丁目/１９番,139.71416,35.56484,5,7,30,335,0,114,1564,1,30,216,0,2018,1810000,中高層の店舗兼共同住宅等が建ち並ぶ商業地域,蒲田,170,商業
1673,11,西鉄イン蒲田,東京都大田区西蒲田７丁目４９-５,2009年5月,2009,東京都,13_東京都,131,直営,西鉄ホテルズ,東京都/大田区/西蒲田/七丁目/４９番,139.71275,35.56249,5,7,30,335,0,113,1534,2,29,216,0,2018,1810000,中高層の店舗兼共同住宅等が建ち並ぶ商業地域,蒲田,170,商業
1771,3,ホテルビスタ蒲田東京,東京都大田区西蒲田８丁目２０-１１,2006年6月,2006,東京都,13_東京都,105,賃貸,ビスタホテルグループ,東京都/大田区/西蒲田/八丁目/２０番,139.71346,35.55992,5,7,30,335,0,112,1534,2,28,216,0,2018,1810000,中高層の店舗兼共同住宅等が建ち並ぶ商業地域,蒲田,170,商業
182,152,アパホテル蒲田駅東,東京都大田区蒲田５丁目３１-５,2016年11月,2016,東京都,13_東京都,220,FC,アパホテルズ＆リゾーツ,東京都/大田区/蒲田/五丁目/３１番,139.71941,35.5611,5,7,22,335,0,106,1564,1,31,216,0,2018,2050000,中高層の店舗ビル等が建ち並ぶ中心的商業地域,蒲田,170,商業
603,8,グランパークホテルパネックス東京,東京都大田区蒲田５丁目９-１９,2010年11月,2010,東京都,13_東京都,126,賃貸,グランパークホテル,東京都/大田区/蒲田/五丁目/９番,139.71799,35.56317,5,7,26,335,0,110,1564,1,29,216,0,2018,2050000,中高層の店舗ビル等が建ち並ぶ中心的商業地域,蒲田,170,商業
728,5,京急EXイン蒲田,東京都大田区蒲田５丁目２８-１８,2010年10月,2010,東京都,13_東京都,155,MC,京急EXイン,東京都/大田区/蒲田/五丁目/２８番,139.72032,35.56181,5,7,22,335,0,106,1564,1,31,216,0,2018,2050000,中高層の店舗ビル等が建ち並ぶ中心的商業地域,蒲田,170,商業
1106,14,相鉄フレッサイン東京蒲田,東京都大田区蒲田５丁目１９-１２,2013年9月,2013,東京都,13_東京都,221,賃貸,相鉄フレッサイン,東京都/大田区/蒲田/五丁目/１９番,139.71829,35.56216,5,7,24,335,0,108,1564,1,29,216,0,2018,2050000,中高層の店舗ビル等が建ち並ぶ中心的商業地域,蒲田,170,商業
1419,16,東横INN蒲田東口,東京都大田区蒲田５丁目１８-４,1997年3月,1997,東京都,13_東京都,90,NA,東横INN,東京都/大田区/蒲田/五丁目/１８番,139.71825,35.56258,5,7,24,335,0,108,1564,1,29,216,0,2018,2050000,中高層の店舗ビル等が建ち並ぶ中心的商業地域,蒲田,170,商業
3036,38,R&Bホテル蒲田東口,東京都大田区蒲田５丁目２３-１,2006年5月,2006,東京都,13_東京都,181,賃貸,ワシントンホテルプラザチェーン　R＆Bホテルチェーン,東京都/大田区/蒲田/五丁目/２３番,139.71895,35.5626,5,7,23,335,0,107,1564,1,29,216,0,2018,2050000,中高層の店舗ビル等が建ち並ぶ中心的商業地域,蒲田,170,商業
161,131,アパホテル蒲田駅西,東京都大田区西蒲田７丁目３４-２,2015年6月,2015,東京都,13_東京都,75,FC,アパホテルズ＆リゾーツ,東京都/大田区/西蒲田/七丁目/３４番,139.7113,35.56338,5,7,33,335,0,116,1534,2,32,216,0,2018,754000,小売店舗等が多い、駅前通り沿いの商業地域,蒲田,430,商業
115,85,アパホテル京急蒲田駅前,東京都大田区蒲田４丁目１８-２４,2011年9月,2011,東京都,13_東京都,95,FC,アパホテルズ＆リゾーツ,東京都/大田区/蒲田/四丁目/１８番,139.72253,35.56052,5,7,19,335,0,103,1564,1,29,360,1,2018,1230000,中高層の店舗兼事務所ビル等が多い駅前商業地域,京急蒲田,0,商業
2918,249,ホテルルートイン東京蒲田,東京都大田区蒲田３丁目１８-２,2017年6月,2017,東京都,13_東京都,147,所有直営,ルートインホテルズ,東京都/大田区/蒲田/三丁目/１８番,139.72208,35.56251,5,7,21,335,0,105,1564,1,33,216,0,2018,1230000,中高層の店舗兼事務所ビル等が多い駅前商業地域,京急蒲田,0,商業
1377,18,羽田エクセルホテル東急,東京都大田区羽田空港３丁目４-２,2004年12月,2004,東京都,13_東京都,386,賃貸,東急ホテルズ,東京都/大田区/羽田空港/三丁目/４番,139.78445,35.55489,5,7,12,154,0,110,1787,0,32,637,1,2018,240000,倉庫、配送センター、工場等が建ち並ぶ工業地域,流通センター,3300,工専
1385,26,大森東急REIホテル,東京都大田区大森北１丁目６-１６アトレ大森,1984年9月,1984,東京都,13_東京都,197,賃貸,東急ホテルズ,東京都/大田区/大森北/一丁目/６番,139.72845,35.58877,5,7,35,365,1,104,1483,2,20,216,0,2018,2010000,中高層の店舗、事務所が建ち並ぶ駅前の商業地域,大森,0,商業
724,1,京急EXイン大森海岸駅前,東京都品川区南大井３丁目３２-１,2007年11月,2007,東京都,13_東京都,105,MC,京急EXイン,東京都/品川区/南大井/三丁目/３２番,139.73477,35.58749,5,7,28,365,1,107,1523,1,28,216,0,2018,1180000,中高層事務所ビル、ホテル等が建ち並ぶ商業地域,大森海岸,130,商業
812,31,ホテルサンルートパティオ大森,東京都品川区南大井３-３３-３,1998年1月,1998,東京都,13_東京都,86,FC,サンルートホテルチェーン,東京都/品川区/南大井/三丁目/３３番,139.73412,35.58759,5,7,28,365,1,107,1523,1,27,216,0,2018,1180000,中高層事務所ビル、ホテル等が建ち並ぶ商業地域,大森海岸,130,商業
2642,54,ホテルリブマックス大森駅前,東京都品川区南大井３丁目３３-２,2016年5月,2016,東京都,13_東京都,17,賃貸,リブマックスホテルズ＆リゾーツ,東京都/品川区/南大井/三丁目/３３番,139.73412,35.58759,5,7,28,365,1,107,1523,1,27,216,0,2018,1180000,中高層事務所ビル、ホテル等が建ち並ぶ商業地域,大森海岸,130,商業
2246,4,ホテルマイステイズプレミア大森,東京都品川区南大井６丁目１９-３,2016年10月,2016,東京都,13_東京都,232,賃貸,ホテルマイステイズマネジメント,東京都/品川区/南大井/六丁目/１９番,139.73257,35.59047,5,7,34,365,1,108,1483,2,24,216,0,2018,845000,中層の店舗併用住宅が建ち並ぶ近隣商業地域,大森,600,近商
2292,50,フレックステイイン中延P1,東京都品川区二葉４丁目２７-８,1989年11月,1989,東京都,13_東京都,39,賃貸,ホテルマイステイズマネジメント,東京都/品川区/二葉/四丁目/２７番,139.71353,35.60213,5,7,47,604,1,106,1421,1,26,216,0,2018,842000,店舗、共同住宅、事務所が建ち並ぶ商業地域,中延,150,商業
2293,51,フレックステイイン中延P2,東京都品川区二葉４丁目２７-８,1989年11月,1989,東京都,13_東京都,22,賃貸,ホテルマイステイズマネジメント,東京都/品川区/二葉/四丁目/２７番,139.71353,35.60213,5,7,47,604,1,106,1421,1,26,216,0,2018,842000,店舗、共同住宅、事務所が建ち並ぶ商業地域,中延,150,商業
277,8,ヴィアイン東京大井町,東京都品川区大井４丁目３-１,2009年7月,2009,東京都,13_東京都,509,賃貸,ヴィアインホテルチェーン,東京都/品川区/大井/四丁目/３番,139.73422,35.60438,5,7,43,540,1,103,1483,2,19,165,0,2018,917000,高層店舗併用マンションが進出している商業地域,大井町,450,近商
2770,101,ホテルルートイン品川大井町,東京都品川区大井１丁目３５-２,2005年11月,2005,東京都,13_東京都,156,所有直営,ルートインホテルズ,東京都/品川区/大井/一丁目/３５番,139.73177,35.60481,5,7,44,540,1,104,1483,2,20,165,0,2018,917000,高層店舗併用マンションが進出している商業地域,大井町,450,近商
1639,236,東横INN品川旗の台駅南口,東京都品川区旗の台５-６-５,2014年8月,2014,東京都,13_東京都,87,NA,東横INN,東京都/品川区/旗の台/五丁目/６番,139.70268,35.60457,5,7,52,694,2,112,1545,2,32,319,1,2018,560000,一般住宅、アパート等が建ち並ぶ住宅地域,旗の台,350,1中専
1542,139,東横INN品川大井町,東京都品川区大井１丁目２７-３,2007年1月,2007,東京都,13_東京都,186,NA,東横INN,東京都/品川区/大井/一丁目/２７番,139.73177,35.60621,5,7,44,540,1,104,1483,2,20,165,0,2018,1810000,中層ビル、小売店舗が建ち並ぶ商業地域,大井町,180,商業
1733,12,アワーズイン阪急,東京都品川区大井１丁目５０-５,1971年6月,1971,東京都,13_東京都,1388,その他(リファーラル),阪急阪神第一ホテルグループ,東京都/品川区/大井/一丁目/５０番,139.73398,35.60563,5,7,42,540,1,102,1483,2,18,165,0,2018,1810000,中層ビル、小売店舗が建ち並ぶ商業地域,大井町,180,商業
818,37,ホテルサンルート品川シーサイド,東京都品川区東品川４丁目１２-８品川シーサイドイーストタワー,2004年9月,2004,東京都,13_東京都,300,賃貸,サンルートホテルチェーン,東京都/品川区/東品川/四丁目/１２番,139.74866,35.61023,5,7,43,407,1,108,1653,2,34,298,1,2018,740000,中高層マンション等が建ち並ぶ混在住宅地域,青物横丁,350,準工
978,58,スーパーホテル品川・青物横丁,東京都品川区東品川３丁目２２番２７号,2007年11月,2007,東京都,13_東京都,109,賃貸,スーパーホテル,東京都/品川区/東品川/三丁目/２２番,139.74577,35.61331,5,7,40,407,1,107,1523,1,31,298,1,2018,740000,中高層マンション等が建ち並ぶ混在住宅地域,青物横丁,350,準工
1444,41,東横INN品川青物橫丁駅,東京都品川区南品川３丁目１-２０,2002年2月,2002,東京都,13_東京都,197,NA,東横INN,東京都/品川区/南品川/三丁目/１番,139.7429,35.60881,5,7,34,407,1,101,1523,1,25,298,1,2018,740000,中高層マンション等が建ち並ぶ混在住宅地域,青物横丁,350,準工
1702,5,ハートンホテル東品川,東京都品川区東品川４丁目１３-２７,2006年7月,2006,東京都,13_東京都,448,貸貸,ハートンホテル,東京都/品川区/東品川/四丁目/１３番,139.75021,35.60955,5,7,44,411,0,108,1653,2,36,298,1,2018,740000,中高層マンション等が建ち並ぶ混在住宅地域,青物横丁,350,準工
1376,17,二子玉川エグゼルホテル東急,東京都世田谷区玉川１丁目14番1号,2015年7月,2015,東京都,13_東京都,107,賃貸,東急ホテルズ,東京都/世田谷区/玉川/一丁目/１４番,139.62979,35.61068,5,7,67,735,2,123,1668,2,43,390,2,2018,686000,中小規模の一般住宅が多い住宅地域,二子玉川,570,1住居
725,2,京急EXイン品川新橋駅北口,東京都品川区北品川２丁目１８-１,2008年8月,2008,東京都,13_東京都,127,MC,京急EXイン,東京都/品川区/北品川/二丁目/１８番,139.74152,35.61769,5,7,37,407,1,102,1502,1,26,298,1,2018,524000,小規模住宅とアパート等が建ち並ぶ既成住宅地域,新馬場,350,1住居
1025,105,スーパーホテル品川・新馬場,東京都品川区北品川２丁目３０-２６,2014年8月,2014,東京都,13_東京都,99,賃貸,スーパーホテル,東京都/品川区/北品川/二丁目/３０番,139.74364,35.61722,5,7,38,411,0,106,1502,1,30,298,1,2018,524000,小規模住宅とアパート等が建ち並ぶ既成住宅地域,新馬場,350,1住居
1164,9,ダイワロイネットホテル東京大崎,東京都品川区大崎２丁目１-３,2007年9月,2007,東京都,13_東京都,194,賃貸直営,ダイワロイネットホテルズ,東京都/品川区/大崎/二丁目/１番,139.72736,35.61837,5,7,45,540,1,105,1483,1,24,165,0,2018,2030000,中高層の店舗、事務所、共同住宅の多い商業地域,大崎,0,商業
2709,40,ホテルルートイン五反田,東京都品川区西五反田６丁目１３-１,2000年7月,2000,東京都,13_東京都,191,賃貸,ルートインホテルズ,東京都/品川区/西五反田/六丁目/１３番,139.7177,35.62031,5,7,49,562,1,108,1421,1,31,165,0,2018,674000,住宅、共同住宅、作業所等が混在する住宅地域,戸越銀座,470,準工
2332,10,東京マリオットホテル,東京都品川区北品川4-7-36,2013年9月,2013,東京都,13_東京都,149,FC,マリオットインターナショナル,東京都/品川区/北品川/四丁目/７番,139.73563,35.6227,5,7,38,407,0,102,1502,0,26,165,0,2018,751000,中規模一般住宅が多い区画整然とした住宅地域,北品川,650,1低専
2424,14,東京マリオットホテル,東京都品川区北品川4-7-36,2013年12月,2013,東京都,13_東京都,249,直営,森トラストグループ,東京都/品川区/北品川/四丁目/７番,139.73563,35.6227,5,7,38,407,0,102,1502,0,26,165,0,2018,751000,中規模一般住宅が多い区画整然とした住宅地域,北品川,650,1低専
2291,49,フレックステイイン品川,東京都品川区北品川１丁目２２-１９,1986年12月,1986,東京都,13_東京都,55,賃貸,ホテルマイステイズマネジメント,東京都/品川区/北品川/一丁目/２２番,139.74042,35.62218,5,7,37,407,0,99,1502,1,23,298,1,2018,770000,中低層の店舗併用住宅等が建ち並ぶ近隣商業地域,北品川,130,近商
1687,9,ニューオータ二イン東京,東京都品川区大崎１丁目６-２,1987年2月,1987,東京都,13_東京都,412,MC,二ューオータ二ホテルズ,東京都/品川区/大崎/一丁目/６番,139.72948,35.62012,5,7,42,540,1,102,1483,1,21,165,0,2018,2720000,大型の再開発ビルが建ち並ぶ大崎駅前の商業地域,大崎,180,準工
711,3,京王プラザホテル多摩,東京都多摩市落合１-４３,1990年4月,1990,東京都,13_東京都,248,直営,京王プラザホテル,東京都/多摩市/落合/一丁目/４３番,139.42474,35.62337,5,7,101,920,3,132,1688,2,62,513,2,2018,414000,店舗ビル、駐車場等が混在する駅前の商業地域,京王多摩センター,0,商業
2253,11,ホテルマイステイズ五反田駅前,東京都品川区西五反田２丁目６-８,2015年8月,2015,東京都,13_東京都,383,賃貸,ホテルマイステイズマネジメント,東京都/品川区/西五反田/二丁目/６番,139.72247,35.62661,5,7,39,562,1,98,1369,1,20,165,0,2018,4660000,中高層の店舗、事務所が建ち並ぶ商業地域,五反田,70,商業
2252,10,ホテルマイステイズ五反田,東京都品川区東五反田２丁目５-４,1988年7月,1988,東京都,13_東京都,110,賃貸,ホテルマイステイズマネジメント,東京都/品川区/東五反田/二丁目/５番,139.72835,35.62513,5,7,42,407,0,103,1369,1,24,165,0,2018,1810000,中高層の店舗、事務所ビルが建ち並ぶ商業地域,五反田,400,商業
546,29,global cabin東京五反田,東京都品川区東五反田１丁目１７-１,2016年7月,2016,東京都,13_東京都,90,賃貸,共立メンテナンス,東京都/品川区/東五反田/一丁目/１７番,139.72565,35.62667,5,7,41,562,1,100,1369,1,22,165,0,2018,1520000,中高層の店舗付事務所等が多い商業地域,五反田,300,商業
817,36,ホテルサンルート五反田,東京都品川区東五反田１-２０-３,2003年12月,2003,東京都,13_東京都,151,FC,サンルートホテルチェーン,東京都/品川区/東五反田/一丁目/２０番,139.72621,35.62618,5,7,42,562,1,101,1369,1,22,165,0,2018,1520000,中高層の店舗付事務所等が多い商業地域,五反田,300,商業
1326,9,東急ステイ五反田,東京都品川区東五反田１丁目１２-２,2005年3月,2005,東京都,13_東京都,168,賃貸,東急ステイ,東京都/品川区/東五反田/一丁目/１２番,139.7249,35.62697,5,7,41,562,1,100,1369,1,21,165,0,2018,1520000,中高層の店舗付事務所等が多い商業地域,五反田,300,商業
1429,26,東横INN品川駅高輪口,東京都港区高輪４丁目２３-２,1999年11月,1999,東京都,13_東京都,180,NA,東横INN,東京都/港区/高輪/四丁目/２３番,139.73763,35.62626,5,7,30,407,0,94,1502,0,18,165,0,2018,1170000,一般住宅のほかマンション等が見られる住宅地域,品川,620,1中専
243,7,ストリングスホテル東京インターコンチネンタル,東京都港区港南2-16-1品川イーストワンタワー26F-32F,2007年5月,2007,東京都,13_東京都,206,MC,インターコンチネンタル、ANAクラウンプラザホテル、ホリディ・イン、ANAホテル,東京都/港区/港南/二丁目/１６番,139.74068,35.62649,5,7,32,407,0,96,1502,0,20,165,0,2018,9800000,高層の事務所ビルが建ち並ぶ大規模開発地域,品川,200,商業
1320,3,東急ステイ用賀,東京都世田谷区用賀４丁目４-１,1998年8月,1998,東京都,13_東京都,78,貨資,東急ステイ,東京都/世田谷区/用賀/四丁目/４番,139.63332,35.62632,5,7,72,756,3,116,1668,2,36,390,2,2018,783000,中層ビル、小売店舗が建ち並ぶ駅前の商業地域,用賀,200,近商
718,6,京王プレッソイン五反田,東京都品川区西五反田２丁目１７-１２,2008年5月,2008,東京都,13_東京都,178,賃貸,京王プレッソイン,東京都/品川区/西五反田/二丁目/１７番,139.72108,35.62637,5,7,42,562,1,101,1369,1,23,165,0,2018,1830000,中高層の店舗、事務所ビルが建ち並ぶ商業地域,五反田,300,商業
1732,11,第一ホテル東京シーフォート,東京都品川区東品川２丁目３-１５,1992年7月,1992,東京都,13_東京都,127,直営,阪急阪神第一ホテルグループ,東京都/品川区/東品川/二丁目/３番,139.75101,35.62344,5,7,32,411,0,108,1513,1,26,349,1,2018,1280000,倉庫街から中高層ビルへ建替が進む商業地域,天王洲アイル,400,商業
729,6,京急EXイン品川駅前,東京都港区高輪３丁目１３-３シナガワグース,2011年4月,2011,東京都,13_東京都,935,MC,京急EXイン,東京都/港区/高輪/三丁目/１３番,139.73395,35.63071,5,7,30,407,0,94,1502,0,18,165,0,2018,4270000,高層の店舗兼事務所ビル等が多い商業地域,品川,200,商業
730,7,京急EXイン高輪,東京都港区高輪４-１０-８京急第７ビル,2011年11月,2011,東京都,13_東京都,163,MC,京急EXイン,東京都/港区/高輪/四丁目/１０番,139.73698,35.62857,5,7,30,407,0,94,1502,0,17,165,0,2018,4270000,高層の店舗兼事務所ビル等が多い商業地域,品川,200,商業
1885,5,ダランドプリンスホテル高輪,東京都港区高輪３丁目１３-１,1953年11月,1953,東京都,13_東京都,394,直営,プリンスホテルズ＆リゾーツ,東京都/港区/高輪/三丁目/１３番,139.73395,35.63071,5,7,32,407,0,96,1502,0,19,165,0,2018,4270000,高層の店舗兼事務所ビル等が多い商業地域,品川,200,商業
1898,18,品川プリンスホテル,東京都港区高輪４丁目１０-３０,1978年7月,1978,東京都,13_東京都,3560,直営,プリンスホテルズ＆リゾーツ,東京都/港区/高輪/四丁目/１０番,139.73698,35.62857,5,7,32,407,0,96,1502,0,20,165,0,2018,4270000,高層の店舗兼事務所ビル等が多い商業地域,品川,200,商業
1903,23,グランドプリンスホテル新高輪,東京都港区高輪３丁目１３-１,1982年4月,1982,東京都,13_東京都,908,直営,プリンスホテルズ＆リゾーツ,東京都/港区/高輪/三丁目/１３番,139.73395,35.63071,5,7,32,407,0,96,1502,0,19,165,0,2018,4270000,高層の店舗兼事務所ビル等が多い商業地域,品川,200,商業
1921,41,ザ・プリンスさくらタワー東京,東京都港区高輪３丁目１３-１,1998年10月,1998,東京都,13_東京都,288,直営,プリンスホテルズ＆リゾーツ,東京都/港区/高輪/三丁目/１３番,139.73395,35.63071,5,7,32,407,0,96,1502,0,19,165,0,2018,4270000,高層の店舗兼事務所ビル等が多い商業地域,品川,200,商業
2331,9,ザ・プリンスさくらタワー東京オートグラフコレクション・ホテル,東京都港区高輪３丁目１３-１,2013年8月,2013,東京都,13_東京都,289,FC,マリオットインターナショナル,東京都/港区/高輪/三丁目/１３番,139.73395,35.63071,5,7,32,407,0,96,1502,0,19,165,0,2018,4270000,高層の店舗兼事務所ビル等が多い商業地域,品川,200,商業
2003,22,スマイルホテル東京多摩永山,東京都多摩市諏訪２-５-１,2014年4月,2014,東京都,13_東京都,138,賃貸,ホスピタリティパートナーズグループ,東京都/多摩市/諏訪/二丁目/５番,139.4511,35.62857,5,7,102,920,3,134,1688,2,64,513,2,2018,179000,一般住宅等が建ち並ぶ区画整然とした住宅地域,京王永山,800,1低専
207,6,ホテルアベスト目黒,東京都品川区上大崎２丁目２６-５,2012年4月,2012,東京都,13_東京都,88,賃貸,アベストホテルズ,東京都/品川区/上大崎/二丁目/２６番,139.71474,35.63409,5,7,44,561,1,104,1483,1,22,194,0,2018,3380000,店舗兼事務所等が建ち並ぶ商業地域,目黒,220,商業
1318,1,東急ステイ目黒祐天寺,東京都目黒区祐天寺２丁目１５-７,1995年7月,1995,東京都,13_東京都,69,賃貸,東急ステイ,東京都/目黒区/祐天寺/二丁目/１５番,139.6904,35.63608,5,7,69,726,2,118,1627,3,34,319,2,2018,862000,小売店舗、飲食店舗等が建ち並ぶ駅前の商業地域,祐天寺,100,近商
342,1,お台場　大江戸温泉物語,東京都江東区青海２丁目６-３,2003年3月,2003,東京都,13_東京都,22,賃貸,大江戸温泉物語グループ,東京都/江東区/青海/二丁目/６番,139.77753,35.61565,5,7,65,943,1,114,1699,1,35,514,1,2018,1100000,高層業務商業複合施設が集積する臨海副都心地域,国際展示場,330,工専
393,21,グランドニッコー東京台場,東京都港区台場２丁目６-１,2016年7月,2016,東京都,13_東京都,882,賃貸直営,オークラホテルズ＆リゾーツ、ニッコーホテルズ・インターナショナル、ホテルJALシティ,東京都/港区/台場/二丁目/６番,139.7715,35.6251,5,7,58,881,1,107,1637,1,28,452,1,2018,1100000,高層業務商業複合施設が集積する臨海副都心地域,国際展示場,330,工専
825,44,ホテルサンルート有明,東京都江東区有明３丁目６-６,2009年6月,2009,東京都,13_東京都,790,賃貸,サンルートホテルチェーン,東京都/江東区/有明/三丁目/６番,139.78952,35.63221,5,7,56,678,1,104,1591,2,30,432,1,2018,1100000,高層業務商業複合施設が集積する臨海副都心地域,国際展示場,330,工専
1809,12,ヒルトン東京お台場,東京都港区台場１丁目９-１,2015年10月,2015,東京都,13_東京都,453,MC,ヒルトン,東京都/港区/台場/一丁目/９番,139.77065,35.6262,5,7,59,881,1,108,1637,1,29,452,1,2018,1100000,高層業務商業複合施設が集積する臨海副都心地域,国際展示場,330,工専
2533,34,東京ベイコート倶楽部ホテル&スパリゾート,東京都江東区有明３丁目１-１５,2008年3月,2008,東京都,13_東京都,292,所有直営,リゾートトラスト,東京都/江東区/有明/三丁目/１番,139.78513,35.63063,5,7,60,617,1,111,1591,2,37,432,1,2018,1100000,高層業務商業複合施設が集積する臨海副都心地域,国際展示場,330,工専
2534,35,ホテルトラスティ東京ベイサイド,東京都江東区有明３丁目１-１５,2008年4月,2008,東京都,13_東京都,200,所有直営,リゾートトラスト,東京都/江東区/有明/三丁目/１番,139.78513,35.63063,5,7,60,617,1,111,1591,2,37,432,1,2018,1100000,高層業務商業複合施設が集積する臨海副都心地域,国際展示場,330,工専
2982,17,東京ベイ有明ワシントンホテル,東京都江東区有明３丁目７-１１,1999年6月,1999,東京都,13_東京都,830,賃貸,WHG,東京都/江東区/有明/三丁目/７番,139.79247,35.63363,5,7,53,678,1,101,1591,2,27,432,1,2018,1100000,高層業務商業複合施設が集積する臨海副都心地域,国際展示場,330,工専
2339,17,シェラトン都ホテル東京,東京都港区白金台1-1-50,1979年7月,1979,東京都,13_東京都,484,NA,マリオットインターナショナル,東京都/港区/白金台/一丁目/１番,139.72981,35.63879,5,7,44,448,0,103,1369,0,34,328,1,2018,1330000,一般住宅が建ち並ぶ区画整然とした住宅地域,白金台,290,1中専
168,138,アパホテル品川泉岳寺駅前,東京都港区高輪２丁目１６-３０,2015年12月,2015,東京都,13_東京都,563,所有直営,アパホテルズ＆リゾーツ,東京都/港区/高輪/二丁目/１６番,139.73901,35.63874,5,7,32,448,0,91,1369,0,25,154,0,2018,3130000,中高層の事務所、店舗等が建ち並ぶ商業地域,泉岳寺,0,商業
733,10,京急EXイン品川・泉岳寺駅前,東京都港区三田３-１１-２６,2016年6月,2016,東京都,13_東京都,120,MC,京急EXイン,東京都/港区/三田/三丁目/１１番,139.74178,35.64123,5,7,33,448,0,92,1369,0,21,154,0,2018,3130000,中高層の事務所、店舗等が建ち並ぶ商業地域,泉岳寺,0,商業
2124,14,ヴィラフォンテーヌ田町,東京都港区芝浦４丁目２-８,2006年10月,2006,東京都,13_東京都,173,所有直営,ホテルヴィラフォンテーヌ,東京都/港区/芝浦/四丁目/２番,139.74403,35.64119,5,7,39,562,0,93,1369,0,17,154,0,2018,3130000,中高層の事務所、店舗等が建ち並ぶ商業地域,泉岳寺,0,商業
2345,23,ウェスティンホテル東京,東京都目黒区三田1-4-1,1994年10月,1994,東京都,13_東京都,438,NA,マリオットインターナショナル,東京都/目黒区/三田/一丁目/４番,139.71364,35.64095,5,7,56,561,1,116,1483,1,34,194,0,2018,1140000,マンション、事務所等の混在する住宅地域,恵比寿,620,1住居
225,4,ザ・ビー三軒茶屋,東京都世田谷区太子堂２丁目１７-９,2004年11月,2004,東京都,13_東京都,118,直営,イシンホテルズグループ,東京都/世田谷区/太子堂/二丁目/１７番,139.67084,35.64498,5,7,65,726,2,111,1627,2,31,349,2,2018,2040000,小売店舗、飲食店、銀行等が建ち並ぶ商業地域,三軒茶屋,60,商業
412,40,ホテルJALシティ田町,東京都港区芝浦３丁目１６-１８,2000年3月,2000,東京都,13_東京都,160,MC,オークラホテルズ＆リゾーツ、ニッコーホテルズ・インターナショナル、ホテルJALシティ,東京都/港区/芝浦/三丁目/１６番,139.74931,35.64196,5,7,39,562,0,93,1369,0,15,154,0,2018,1250000,マンション、事務所等が混在する住宅地域,田町,760,準工
2990,25,ホテルグレイスリー田町,東京都港区芝浦３丁目８-１,2008年10月,2008,東京都,13_東京都,216,賃貸,WHG,東京都/港区/芝浦/三丁目/８番,139.75102,35.64357,5,7,38,562,0,92,1369,0,15,154,0,2018,1250000,マンション、事務所等が混在する住宅地域,田町,760,準工
1105,13,相鉄フレッサイン東京田町,東京都港区芝浦３丁目１４-２１,2013年6月,2013,東京都,13_東京都,139,賃貸,相鉄フレッサイン,東京都/港区/芝浦/三丁目/１４番,139.74767,35.64253,5,7,38,562,0,92,1369,0,15,154,0,2018,4580000,高層店舗兼事務所ビルが建ち並ぶ駅前商業地域,田町,170,商業
2299,57,フレックステイイン白金,東京都港区白金５丁目１０-１５,1985年1月,1985,東京都,13_東京都,84,賃貸,ホテルマイステイズマネジメント,東京都/港区/白金/五丁目/１０番,139.72475,35.64481,5,7,54,448,0,111,1369,1,32,195,1,2018,1320000,マンション、一般住宅等が見られる住宅地域,広尾,480,1中専
129,99,アパホテル三田駅前,東京都港区芝４丁目４-８,2012年11月,2012,東京都,13_東京都,155,所有直営,アパホテルズ＆リゾーツ,東京都/港区/芝/四丁目/４番,139.74956,35.64822,5,7,37,562,0,91,1369,0,14,154,0,2018,2950000,高層の事務所等が建ち並ぶ商業地域,三田,230,商業
539,22,ドーミーインEXPRESS目黒青葉台,東京都目黒区青葉台３丁目２１-８,1996年4月,1996,東京都,13_東京都,50,賃貸,共立メンテナンス,東京都/目黒区/青葉台/三丁目/２１番,139.69203,35.64935,5,7,68,726,2,116,1597,2,36,319,2,2018,978000,共同住宅、事務所、店舗等が混在する住宅地域,池尻大橋,760,1住居
2609,21,ホテルリブマックス調布駅前,東京都調布市布田４丁目２-６,2012年6月,2012,東京都,13_東京都,43,賃貸,リブマックスホテルズ＆リゾーツ,東京都/調布市/布田/四丁目/２番,139.54436,35.65122,5,7,83,838,2,118,1606,2,45,431,1,2018,507000,共同住宅が多く見られる交通至便な住宅地域,調布,230,1住居
2365,1,ホテルザセレスティン東京芝,東京都港区芝３丁目２３-１,2017年11月,2017,東京都,13_東京都,243,賃貸,三井ガーデンホテルズ,東京都/港区/芝/三丁目/２３番,139.74879,35.65107,5,7,38,562,0,93,1369,0,18,154,0,2018,3130000,中高層の事務所ビルが建ち並ぶ商業地域,芝公園,0,商業
696,24,くれたけインプレミアム浜松町,東京都港区芝1丁目8-18,2013年11月,2013,東京都,13_東京都,40,直営,くれたけホテルチェーン,東京都/港区/芝/一丁目/８番,139.75522,35.65042,5,7,37,483,0,94,1318,0,16,154,0,2018,2930000,中高層の店舗、事務所ビルが建ち並ぶ商業地域,大門,500,商業
1120,5,チサンポテル浜松町,東京都港区芝浦１丁目３-１０,2003年8月,2003,東京都,13_東京都,304,賃貸,ソラーレホテルズアンドリゾーツ,東京都/港区/芝浦/一丁目/３番,139.75552,35.65007,5,7,37,483,0,96,1318,0,16,154,0,2018,2930000,中高層の店舗、事務所ビルが建ち並ぶ商業地域,大門,500,商業
2117,7,ヴィラフォンテーヌ浜松町,東京都港区芝１丁目６-５,2001年7月,2001,東京都,13_東京都,119,所有直営,ホテルヴィラフォンテーヌ,東京都/港区/芝/一丁目/６番,139.75487,35.652,5,7,37,483,0,92,1318,0,15,154,0,2018,2930000,中高層の店舗、事務所ビルが建ち並ぶ商業地域,大門,500,商業
331,43,調布クレストンホテル,東京都調布市小島町１丁目３８?１,2009年6月,2009,東京都,13_東京都,44,所有直営,HMIホテルグループ,東京都/調布市/小島町,139.543777,35.65278,5,8,83,838,2,118,1606,2,45,431,1,2018,1370000,小売店舗、事務所等が建ち並ぶ駅に近い商業地域,調布,230,商業
890,29,ホテルメッツ渋谷,東京都渋谷区渋谷３丁目２９-１７,2001年11月,2001,東京都,13_東京都,194,賃貸,JR東日本ホテルズ,東京都/渋谷区/渋谷/三丁目/２９番,139.70355,35.65595,5,7,54,572,1,110,1473,1,28,195,1,2018,1980000,中高層の店舗、事務所ビルが建ち並ぶ商業地域,渋谷,400,商業
2571,20,リッチモンドホテル東京芝,東京都港区芝公園２丁目３-４,2007年10月,2007,東京都,13_東京都,105,MC,リッチモンドホテルズ,東京都/港区/芝公園/二丁目/３番,139.75215,35.65654,5,7,35,562,0,87,1318,0,13,154,0,2018,1980000,中高層の事務所ビルが建ち並ぶ商業地域,大門,220,商業
480,8,晴海ダランドホテル,東京都中央区晴海３丁目８-１,1999年9月,1999,東京都,13_東京都,210,所有直営,カラカミ観光,東京都/中央区/晴海/三丁目/８番,139.77954,35.65478,5,7,54,604,1,103,1318,1,33,328,1,2018,995000,高層マンションのほか未利用地も多い住宅地域,勝どき,900,商業
1324,7,東急ステイ渋谷新南口,東京都渋谷区渋谷３丁目２６-２１,2003年3月,2003,東京都,13_東京都,150,賃貸,東急ステイ,東京都/渋谷区/渋谷/三丁目/２６番,139.70537,35.65462,5,7,55,572,1,111,1473,1,29,195,1,2018,1980000,中高層の店舗、事務所ビルの建ち並ぶ商業地域,渋谷,650,商業
240,4,ホテルインターコンチネンタル東京ベイ,東京都港区海岸１丁目１６-２,1995年9月,1995,東京都,13_東京都,328,FC,インターコンチネンタル、ANAクラウンプラザホテル、ホリディ・イン、ANAホテル,東京都/港区/海岸/一丁目/１６番,139.76247,35.6529,5,7,38,483,0,95,1318,0,15,154,0,2018,2260000,事務所ビル、マンション等が混在する商業地域,浜松町,400,準工
1311,11,アジュール竹芝,東京都港区海岸１丁目１１-２,2017年4月,2017,東京都,13_東京都,122,直営,TKPホテル＆リゾート事業,東京都/港区/海岸/一丁目/１１番,139.76341,35.65524,5,7,39,483,0,94,1318,0,15,154,0,2018,2260000,事務所ビル、マンション等が混在する商業地域,浜松町,400,準工
131,101,アパホテル渋谷道玄坂上,東京都渋谷区円山町２０-１,2012年11月,2012,東京都,13_東京都,173,所有直営,アパホテルズ＆リゾーツ,東京都/渋谷区/円山町/２０番,139.69489,35.65627,5,7,58,696,2,113,1473,1,31,195,1,2018,860000,住宅、アパート、マンションが混在する住宅地域,神泉,120,1住居
1321,4,東急ステイ渋谷,東京都渋谷区神泉町８-１４,1999年1月,1999,東京都,13_東京都,124,賃貸,東急ステイ,東京都/渋谷区/神泉町/８番,139.69365,35.65534,5,7,58,696,2,115,1473,1,33,195,1,2018,860000,住宅、アパート、マンションが混在する住宅地域,神泉,120,1住居
2666,78,ホテルリブマックス豊洲駅前,東京都江東区豊洲5-5-34,2017年10月,2017,東京都,13_東京都,65,賃貸,リブマックスホテルズ＆リゾーツ,東京都/江東区/豊洲/五丁目/５番,139.79681,35.65334,5,7,61,717,2,104,1489,2,27,298,1,2018,972000,中層の店舗兼事務所ビルが建ち並ぶ商業地域,豊洲,0,商業
2198,7,マロウドイン八王子,東京都八王子市三崎町６-１１,1988年4月,1988,東京都,13_東京都,209,直営,ホテルマロウドチェーン,東京都/八王子市/三崎町/６番,139.33604,35.65675,5,7,96,1190,1,146,2178,2,58,799,1,2018,389000,中規模店舗が密集する既成商業地域,八王子,440,商業
1823,12,東京新木場店,東京都江東区新木場１丁目９-９,2006年3月,2006,東京都,13_東京都,23,賃貸直営,ファミリーロッジ旅籠屋,東京都/江東区/新木場/一丁目/９番,139.83638,35.64611,5,7,68,740,1,101,1324,1,25,165,0,2018,371000,中高層マンションが多い区画整然とした住宅地域,西葛西,1200,1中専
1650,247,東横INN東京八王子駅北口,東京都八王子市三崎町２-９,2016年6月,2016,東京都,13_東京都,155,NA,東横INN,東京都/八王子市/三崎町/２番,139.33698,35.65685,5,7,95,1190,1,145,2178,2,57,799,1,2018,2570000,中高層の店舗ビル等が建ち並ぶ駅前の商業地域,八王子,0,商業
1096,4,相鉄フレッサイン浜松町大門,東京都港区芝大門１-２-７,2011年11月,2011,東京都,13_東京都,190,賃貸,相鉄フレッサイン,東京都/港区/芝大門/一丁目/２番,139.75429,35.65943,5,7,36,562,0,88,1318,0,14,154,0,2018,4290000,高層の店舗、事務所ビルが多い商業地域,大門,100,商業
2254,12,ホテルマイステイズ浜松町,東京都港区浜松町１丁目１８-１４,2009年6月,2009,東京都,13_東京都,105,賃貸,ホテルマイステイズマネジメント,東京都/港区/浜松町/一丁目/１８番,139.75522,35.65828,5,7,35,483,0,83,1318,0,11,154,0,2018,4290000,高層の店舗、事務所ビルが多い商業地域,大門,100,商業
51,21,アバホテル西麻布,東京都港区西麻布４丁目４-５,2001年1月,2001,東京都,13_東京都,193,所有直営,アパホテルズ＆リゾーツ,東京都/港区/西麻布/四丁目/４番,139.72351,35.65725,5,7,64,726,2,115,1369,1,30,195,1,2018,1910000,中高層の店舗、事務所ビルが建ち並ぶ商業地域,広尾,620,近商
1706,3,グランドハイアット東京,東京都港区六本木６丁目１０-３,2003年4月,2003,東京都,13_東京都,387,MC,ハイアットホテルズアンドリゾート,東京都,139.729319,35.659531,3,8,59,604,1,108,1369,1,28,165,1,2018,1650000,中規模一般住宅と共同住宅が見られる住宅地域,六本木,800,1中専
2244,2,ホテルマイステイズプレミア浜松町,東京都港区浜松町１丁目８-５,2016年10月,2016,東京都,13_東京都,120,賃貸,ホテルマイステイズマネジメント,東京都/港区/浜松町/一丁目/８番,139.75636,35.65921,5,7,35,483,0,90,1318,0,12,154,0,2018,1340000,中層の事務所ビルが多く建ち並ぶ商業地域,浜松町,350,商業
763,16,SHIBUYA HOTEL EN,東京都渋谷区円山町1-1,2016年5月,2016,東京都,13_東京都,55,MC,コート・ホテルズ・アンド・リゾーツ,東京都/渋谷区/円山町/１番,139.69525,35.65947,5,7,60,572,1,112,1473,1,30,195,1,2018,1370000,中層のホテル等が集まる既成商業地域,神泉,320,商業
1361,2,セルリアンタワー東急ホテル,東京都渋谷区桜丘町２６-１,2001年5月,2001,東京都,13_東京都,411,賃貸,東急ホテルズ,東京都/渋谷区/桜丘町/２６番,139.69917,35.6563,5,7,55,572,1,110,1473,1,28,195,1,2018,5250000,中層の店舗ビル等が建ち並ぶ商業地域,渋谷,230,商業
1375,16,渋谷エクセルホテル東急,東京都渋谷区道玄坂１丁目１２-２,2000年4月,2000,東京都,13_東京都,408,賃貸,東急ホテルズ,東京都/渋谷区/道玄坂/一丁目/１２番,139.698,35.65793,5,7,55,572,1,107,1473,1,25,195,1,2018,5250000,中層の店舗ビル等が建ち並ぶ商業地域,渋谷,230,商業
710,2,京王プラザホテル八王子,東京都八王子市旭町１４-１,1994年9月,1994,東京都,13_東京都,200,直営,京王プラザホテル,東京都/八王子市/旭町/１４番,139.34068,35.65644,5,7,94,1190,1,144,2178,2,56,799,1,2018,1170000,中高層店舗、事務所ビルの建ち並ぶ駅前商業地域,八王子,200,商業
228,7,ザ・ビー八王子,東京都八王子市明神町４丁目６-１２,2006年2月,2006,東京都,13_東京都,196,賃貸,イシンホテルズグループ,東京都/八王子市/明神町/四丁目/６番,139.34309,35.65848,5,7,98,1190,1,148,2178,2,60,799,1,2018,388000,中高層の店舗、事務所等が建ち並ぶ商業地域,京王八王子,180,商業
3038,40,R&Bホテル八王子,東京都八王子市明神町２丁目２６-９,2007年5月,2007,東京都,13_東京都,257,賃貸,ワシントンホテルプラザチェーン　R＆Bホテルチェーン,東京都/八王子市/明神町/二丁目/２６番,139.34401,35.6582,5,7,98,1190,1,148,2178,2,60,799,1,2018,388000,中高層の店舗、事務所等が建ち並ぶ商業地域,京王八王子,180,商業
1922,42,ザ・プリンスパークタワー東京,東京都港区芝公園４丁目８-１,2005年4月,2005,東京都,13_東京都,603,直営,プリンスホテルズ＆リゾーツ,東京都/港区/芝公園/四丁目/８番,139.74625,35.65598,5,7,43,562,0,95,1318,0,20,154,0,2018,1280000,一般住宅、マンション、事務所等混在の住宅地域,赤羽橋,300,1住居
1384,25,渋谷東急REIホテル,東京都渋谷区渋谷１丁目２４-１０,1979年1月,1979,東京都,13_東京都,225,賃貸,東急ホテルズ,東京都/渋谷区/渋谷/一丁目/２４番,139.70203,35.66026,5,7,55,572,1,105,1473,1,23,195,1,2018,10500000,高層の店舗、事務所ビルが建ち並ぶ商業地域,渋谷,200,商業
1804,7,コンラッド東京,東京都港区東新橋１丁目９-１,2005年7月,2005,東京都,13_東京都,289,MC,ヒルトン,東京都/港区/東新橋/一丁目/９番,139.76089,35.6625,5,7,43,562,0,88,1318,0,15,133,0,2018,9820000,高層の事務所等の建ち並ぶ再開発された商業地域,汐留,240,商業
2121,11,ヴィラフォンテーヌ東京汐留,東京都港区東新橋１丁目９-２,2004年8月,2004,東京都,13_東京都,497,所有直営,ホテルヴィラフォンテーヌ,東京都/港区/東新橋/一丁目/９番,139.76089,35.6625,5,7,41,483,0,88,1318,0,15,133,0,2018,9820000,高層の事務所等の建ち並ぶ再開発された商業地域,汐留,240,商業
2422,12,コンラッド東京,東京都港区東新橋１丁目９-１,2005年7月,2005,東京都,13_東京都,290,MC,森トラストグループ,東京都/港区/東新橋/一丁目/９番,139.76089,35.6625,5,7,43,562,0,88,1318,0,15,133,0,2018,9820000,高層の事務所等の建ち並ぶ再開発された商業地域,汐留,240,商業
112,82,アパホテル新橋御成門,東京都港区新橋６丁目１０-３,2010年6月,2010,東京都,13_東京都,153,所有直営,アパホテルズ＆リゾーツ,東京都/港区/新橋/六丁目/１０番,139.75522,35.66134,5,7,39,562,0,87,1318,0,16,133,0,2018,1450000,中層の事務所ビルが建ち並ぶ商業地域,御成門,300,商業
723,11,京王プレッソイン浜松町,東京都港区芝大門１丁目１-２６,2017年12月,2017,東京都,13_東京都,339,賃貸,京王プレッソイン,東京都/港区/芝大門/一丁目/１番,139.75333,35.65973,5,7,37,562,0,89,1318,0,15,154,0,2018,1450000,中層の事務所ビルが建ち並ぶ商業地域,御成門,300,商業
2613,25,ホテルリブマックス新橋,東京都港区新橋６丁目２０-１,2012年12月,2012,東京都,13_東京都,63,賃貸,リブマックスホテルズ＆リゾーツ,東京都/港区/新橋/六丁目/２０番,139.75439,35.66101,5,7,39,562,0,89,1318,0,16,133,0,2018,1450000,中層の事務所ビルが建ち並ぶ商業地域,御成門,300,商業
985,65,ス一パーホテル新橋・烏森口,東京都港区新橋5-16-4,2008年4月,2008,東京都,13_東京都,74,賃貸,スーパーホテル,東京都/港区/新橋/五丁目/１６番,139.75621,35.66252,5,7,41,562,0,86,1318,0,14,133,0,2018,2970000,高層の店舗兼事務所ビル等が建ち並ぶ商業地域,汐留,270,商業
2379,15,三井ガーデンホテル汐留イタリア街,東京都港区東新橋２丁目１４-２４,2007年4月,2007,東京都,13_東京都,375,賃貸,三井ガーデンホテルズ,東京都/港区/東新橋/二丁目/１４番,139.75728,35.66037,5,7,36,483,0,89,1318,0,13,154,0,2018,2970000,高層の店舗兼事務所ビル等が建ち並ぶ商業地域,汐留,270,商業
1890,10,東京プリンスホテル,東京都港区芝公園３丁目３-１,1964年9月,1964,東京都,13_東京都,462,團當,プリンスホテルズ＆リゾーツ,東京都/港区/芝公園/三丁目/３番,139.74879,35.65889,5,7,41,562,0,93,1318,0,19,154,0,2018,5060000,中高層の店舗兼事務所ビルが建ち並ぶ商業地域,神谷町,0,商業
169,139,アパホテル六本木駅前,東京都港区六本木６丁目７-８,2015年12月,2015,東京都,13_東京都,125,所有直営,アパホテルズ＆リゾーツ,東京都/港区/六本木/六丁目/７番,139.73235,35.662,5,7,56,604,1,105,1369,1,23,165,1,2018,8630000,中高層の店舗ビルが建ち並ぶ繁華な商業地域,六本木,0,商業
222,1,ザ・ビー六本木,港区六本木3-9-8,2004年3月,2004,東京都,13_東京都,76,賃貸,イシンホテルズグループ,東京都/港区/六本木/三丁目/９番,139.73393,35.6638,5,7,54,604,1,103,1369,1,24,165,1,2018,8630000,中高層の店舗ビルが建ち並ぶ繁華な商業地域,六本木,0,商業
1112,20,相鉄フレッサイン東京六本木,東京都港区六本木３丁目１０-１,2017年10月,2017,東京都,13_東京都,201,賃貸,相鉄フレッサイン,東京都/港区/六本木/三丁目/１０番,139.73338,35.66345,5,7,54,604,1,103,1369,1,24,165,1,2018,8630000,中高層の店舗ビルが建ち並ぶ繁華な商業地域,六本木,0,商業
1730,9,レム六本木,東京都港区六本木７丁目１４-番4号,2017年3月,2017,東京都,13_東京都,400,直営,阪急阪神第一ホテルグループ,東京都/港区/六本木/七丁目/１４番,139.73137,35.66356,5,7,55,604,1,104,1369,1,22,165,1,2018,8630000,中高層の店舗ビルが建ち並ぶ繁華な商業地域,六本木,0,商業
330,42,渋谷クレストンホテル,東京都渋谷区神山町１０-８,2009年6月,2009,東京都,13_東京都,53,所有直営,HMIホテルグループ,東京都/渋谷区/神山町/１０番,139.69472,35.66324,5,7,63,572,1,115,1473,1,33,195,1,2018,1180000,中層の店舗兼共同住宅等が建ち並ぶ近隣商業地域,渋谷,840,近商
2504,5,サンメンバーズ東京新橋,東京都港区西新橋３-２４-５,1980年5月,1980,東京都,13_東京都,23,所有直営,リゾートトラスト,東京都/港区/西新橋/三丁目/２４番,139.75108,35.66145,5,7,41,562,0,93,1318,0,19,154,0,2018,2420000,中小規模の店舗兼事務所ビルが建ち並ぶ商業地域,御成門,290,商業
2645,57,ホテルリブマックス葛西駅前,東京都江戸川区東葛西６丁目１-３,2016年7月,2016,東京都,13_東京都,57,賃貸,リブマックスホテルズ＆リゾーツ,東京都/江戸川区/東葛西/六丁目/１番,139.87337,35.66117,5,7,75,789,1,92,1296,2,36,195,1,2018,692000,店舗兼マンション等が建ち並ぶ駅周辺の商業地域,葛西,150,商業
2446,5,ホテルユ二ゾ渋谷,東京都渋谷区宇田川町４-３,2010年5月,2010,東京都,13_東京都,186,直営,ホテルユ二ゾグループ,東京都/渋谷区/宇田川町/４番,139.69801,35.66257,5,7,60,572,1,113,1473,1,31,195,1,2018,5300000,中高層の店舗、事務所ビル等が建ち並ぶ商業地域,渋谷,640,商業
201,171,アパホテルTKP東京西葛西,東京都江戸川区西葛西６丁目１５-２４,2017年12月,2017,東京都,13_東京都,124,FC,アパホテルズ＆リゾーツ,東京都/江戸川区/西葛西/六丁目/１５番,139.86052,35.66413,5,7,68,747,1,90,1338,2,29,195,1,2018,1390000,中高層ビルが建ち並ぶ駅前広場に面した商業地域,西葛西,0,商業
452,3,ベストウェスタン東京西葛西,東京都江戸川区西葛西６丁目１７-９,2014年4月,2014,東京都,13_東京都,184,FC,価値開発ホテルグループ,東京都/江戸川区/西葛西/六丁目/１７番,139.86,35.66319,5,7,69,747,1,91,1338,2,30,195,1,2018,1390000,中高層ビルが建ち並ぶ駅前広場に面した商業地域,西葛西,0,商業
453,4,ベストウェスタン東京西葛西グランデ,東京都江戸川区西葛西６丁目１９-１８,2017年4月,2017,東京都,13_東京都,105,FC,価値開発ホテルグループ,東京都/江戸川区/西葛西/六丁目/１９番,139.8606,35.6625,5,7,71,747,1,93,1338,2,32,195,1,2018,1390000,中高層ビルが建ち並ぶ駅前広場に面した商業地域,西葛西,0,商業
1309,9,アパホテル（TKP西葛西）,東京都江戸川区西葛西６丁目１５-２４,2017年12月,2017,東京都,13_東京都,124,FC,TKPホテル＆リゾート事業,東京都/江戸川区/西葛西/六丁目/１５番,139.86052,35.66413,5,7,68,747,1,90,1338,2,29,195,1,2018,1390000,中高層ビルが建ち並ぶ駅前広場に面した商業地域,西葛西,0,商業
1418,15,東横INN東西線西葛西,東京都江戸川区西葛西５丁目１１-１２,1997年3月,1997,東京都,13_東京都,197,NA,東横INN,東京都/江戸川区/西葛西/五丁目/１１番,139.86183,35.66479,5,7,70,747,1,92,1338,2,31,195,1,2018,1390000,中高層ビルが建ち並ぶ駅前広場に面した商業地域,西葛西,0,商業
544,27,ドーミーインPREMIUM渋谷神宮前,東京都渋谷区神宮前６丁目２４-４,2012年4月,2012,東京都,13_東京都,136,賃貸,共立メンテナンス,東京都/渋谷区/神宮前/六丁目/２４番,139.70198,35.66597,5,7,61,572,1,113,1473,1,31,195,1,2018,6360000,中高層の店舗兼事務所ビル等が建ち並ぶ商業地域,明治神宮前,390,商業
824,43,ホテルサンルート新橋,東京都港区新橋４丁目１０-２,2008年4月,2008,東京都,13_東京都,220,賃貸,サンルートホテルチェーン,東京都/港区/新橋/四丁目/１０番,139.7562,35.66482,5,7,39,562,0,84,1318,0,11,133,0,2018,1520000,小規模の店舗兼事務所ビルが密集する商業地域,新橋,120,商業
1332,15,東急ステイ新橋,東京都港区新橋４丁目２３-１,2014年5月,2014,東京都,13_東京都,221,賃貸,東急ステイ,東京都/港区/新橋/四丁目/２３番,139.75705,35.66354,5,7,39,562,0,84,1318,0,12,133,0,2018,1520000,小規模の店舗兼事務所ビルが密集する商業地域,新橋,120,商業
2328,6,ザ・リッツ・カールトン東京,東京都港区赤坂9-7-1東京ミッドタウン,2007年3月,2007,東京都,13_東京都,245,賃貸,マリオットインターナショナル,東京都/港区/赤坂/九丁目/７番,139.73221,35.66602,5,7,59,604,1,108,1369,1,30,165,1,2018,1930000,中層の店舗兼事務所が建ち並ぶ商業地域,六本木,210,近商
2442,1,ホテルユ二ゾ新橋,東京都港区新橋３丁目５-２,2001年12月,2001,東京都,13_東京都,233,直営,ホテルユ二ゾグループ,東京都/港区/新橋/三丁目/５番,139.75493,35.66631,5,7,41,562,0,86,1318,0,11,133,0,2018,4520000,中高層の店舗、事務所ビルが建ち並ぶ商業地域,新橋,280,商業
281,12,ヴィアイン東銀座,東京都中央区築地２丁目１５-１３,2012年3月,2012,東京都,13_東京都,297,賃貸,ヴィアインホテルチェーン,東京都/中央区/築地/二丁目/１５番,139.77011,35.66742,5,7,44,604,0,90,1318,1,15,165,1,2018,3260000,中高層の店舗、事務所ビル等が建ち並ぶ商業地域,築地,170,商業
713,1,京王プレッソイン東銀座,東京都中央区築地４丁目７-３,2002年2月,2002,東京都,13_東京都,250,賃貸,京王プレッソイン,東京都/中央区/築地/四丁目/７番,139.76996,35.66679,5,7,44,604,0,90,1318,1,15,165,1,2018,3260000,中高層の店舗、事務所ビル等が建ち並ぶ商業地域,築地,170,商業
734,11,京急EXイン東銀座,東京都中央区築地２丁目１５-１５,2016年8月,2016,東京都,13_東京都,198,MC,京急EXイン,東京都/中央区/築地/二丁目/１５番,139.77011,35.66742,5,7,44,604,0,90,1318,1,15,165,1,2018,3260000,中高層の店舗、事務所ビル等が建ち並ぶ商業地域,築地,170,商業
1325,8,東急ステイ東銀座,東京都中央区築地４丁目１１-５,2005年3月,2005,東京都,13_東京都,125,賃貸,東急ステイ,東京都/中央区/築地/四丁目/１１番,139.77089,35.66592,5,7,46,604,0,92,1318,1,17,165,1,2018,3260000,中高層の店舗、事務所ビル等が建ち並ぶ商業地域,築地,170,商業
111,81,アパホテル築地駅南,東京都中央区築地７丁目１０-１１,2010年5月,2010,東京都,13_東京都,115,所有直営,アパホテルズ＆リゾーツ,東京都/中央区/築地/七丁目/１０番,139.77516,35.66614,5,7,49,604,0,95,1461,2,21,165,1,2018,1080000,中高層の店舗、事務所ビルが建ち並ぶ商業地域,築地,130,商業
1383,24,新橋愛宕山東急RElホテル,東京都港区愛宕１丁目６-６,1976年3月,1976,東京都,13_東京都,431,賃貸,東急ホテルズ,東京都/港区/愛宕/一丁目/６番,139.7494,35.66505,5,7,48,562,1,94,1318,0,20,133,0,2018,1240000,中層の事務所、低層の店舗等が見られる商業地域,虎ノ門,580,商業
2961,4,ロイヤルパークホテルザ汐留,東京都港区東新橋１丁目６-３,2003年7月,2003,東京都,13_東京都,487,賃貸,ロイヤルパークホテルズ,東京都/港区/東新橋/一丁目/６番,139.76015,35.66426,5,7,40,562,0,85,1318,0,12,133,0,2018,9920000,高層店舗兼事務所ビルが建ち並ぶ商業地域,新橋,140,商業
102,72,アパホテル東京潮見駅前,東京都江東区潮見２丁目８-６,2009年9月,2009,東京都,13_東京都,706,所有直営,アパホテルズ＆リゾーツ,東京都/江東区/潮見/二丁目/８番,139.8172,35.66014,5,7,65,873,2,92,1400,1,12,154,0,2018,521000,高層マンションが多く建ち並ぶ住宅地域,東陽町,770,準工
652,3,BumB東京スポーツ文化館,東京都江東区夢の島2-1-3,2004年4月,2004,東京都,13_東京都,60,MC,グリーンホスピタリティーマネジメント,東京都/江東区/夢の島/二丁目/１番,139.82594,35.65083,5,7,67,740,1,100,1324,1,24,165,0,2018,521000,高層マンションが多く建ち並ぶ住宅地域,東陽町,770,準工
2656,68,ホテルリブマックス東京潮見駅前,東京都江東区潮見２丁目８-８,2017年4月,2017,東京都,13_東京都,88,賃貸,リブマックスホテルズ＆リゾーツ,東京都/江東区/潮見/二丁目/８番,139.8172,35.66014,5,7,63,873,2,90,1400,1,10,154,0,2018,521000,高層マンションが多く建ち並ぶ住宅地域,東陽町,770,準工
2731,62,ホテルルートイン東京東陽町,東京都江東区東陽２丁目３-１２,2003年2月,2003,東京都,13_東京都,271,所有直営,ルートインホテルズ,東京都/江東区/東陽/二丁目/３番,139.81815,35.66763,5,7,60,747,1,88,1338,2,26,165,1,2018,521000,高層マンションが多く建ち並ぶ住宅地域,東陽町,770,準工
242,6,ANAインターコンチネンタルホテル東京,東京都港区赤坂１丁目１２-３３,2007年4月,2007,東京都,13_東京都,844,MC,インターコンチネンタル、ANAクラウンプラザホテル、ホリディ・イン、ANAホテル,東京都/港区/赤坂/一丁目/１２番,139.7413,35.66734,5,7,56,717,2,102,1461,1,24,165,0,2018,4010000,マンションに大使館、ホテルも見られる住宅地域,溜池山王,420,2住居
2120,10,ヴィラフォンテーヌ六本木,東京都港区六本木１-６-２泉ガーデン,2002年8月,2002,東京都,13_東京都,189,所有直営,ホテルヴィラフォンテーヌ,東京都/港区/六本木/一丁目/６番,139.73949,35.66454,5,7,51,717,2,103,1461,2,23,165,1,2018,4010000,マンションに大使館、ホテルも見られる住宅地域,溜池山王,420,2住居
145,115,アパホテル新橋虎ノ門,東京都港区西新橋２丁目６-９,2014年4月,2014,東京都,13_東京都,153,所有直営,アパホテルズ＆リゾーツ,東京都/港区/西新橋/二丁目/６番,139.75343,35.66705,5,7,44,562,0,89,1318,0,14,133,0,2018,7310000,中高層の店舗、事務所ビルが建ち並ぶ商業地域,内幸町,110,商業
236,15,ザ・ビー新橋,東京都港区西新橋１-１７-１３,2017年9月,2017,東京都,13_東京都,109,賃貸,イシンホテルズグループ,東京都/港区/西新橋/一丁目/１７番,139.75372,35.6676,5,7,43,562,0,88,1318,0,15,133,0,2018,7310000,中高層の店舗、事務所ビルが建ち並ぶ商業地域,内幸町,110,商業
338,50,銀座クレストン,東京都中央区明石町８聖路加ガーデン,2013年2月,2013,東京都,13_東京都,93,所有直営,HMIホテルグループ,東京都/中央区/明石町/８番,139.77853,35.66677,5,7,53,604,0,98,1461,2,24,165,1,2018,1500000,マンション、事務所、店舗等が混在する住宅地域,新富町,450,2住居
1731,10,銀座クレストン,東京都中央区明石町８聖路加ガーデン,2013年2月,2013,東京都,13_東京都,93,その他(リファーラル),阪急阪神第一ホテルグループ,東京都/中央区/明石町/８番,139.77853,35.66677,5,7,53,604,0,98,1461,2,24,165,1,2018,1500000,マンション、事務所、店舗等が混在する住宅地域,新富町,450,2住居
1328,11,東急ステイ青山プレミア,東京都港区南青山２丁目２７-１８,2008年4月,2008,東京都,13_東京都,170,賃貸,東急ステイ,東京都/港区/南青山/二丁目/２７番,139.71716,35.66872,5,7,57,717,1,100,1473,1,18,165,1,2018,3740000,中層の店舗兼事務所ビルが多く建ち並ぶ商業地域,外苑前,250,近商
2469,11,ホテルアラマンダ青山,東京都港区北青山２丁目７-１３,2016年6月,2016,東京都,13_東京都,42,直営,ユニマットプレシャス,東京都/港区/北青山/二丁目/７番,139.71758,35.67107,5,7,56,717,1,99,1473,1,17,165,1,2018,3740000,中層の店舗兼事務所ビルが多く建ち並ぶ商業地域,外苑前,250,近商
116,86,アパホテル六本木一丁目駅前,東京都港区六本木２丁目３-９,2011年11月,2011,東京都,13_東京都,142,所有直営,アパホテルズ＆リゾーツ,東京都/港区/六本木/二丁目/３番,139.7379,35.66657,5,7,54,717,2,106,1461,2,27,165,1,2018,1250000,店舗、事務所ビル等が見られる商業地域,溜池山王,300,商業
2243,1,ホテルマイステイズプレミア赤坂,東京都港区赤坂２丁目１７-５４,1998年11月,1998,東京都,13_東京都,327,賃貸,ホテルマイステイズマネジメント,東京都/港区/赤坂/二丁目/１７番,139.73842,35.67022,5,7,58,717,2,104,1461,1,21,165,1,2018,1250000,店舗、事務所ビル等が見られる商業地域,溜池山王,300,商業
373,1,ホテルオークラ東京,東京都港区虎ノ門２丁目１０-４,1962年5月,1962,東京都,13_東京都,380,直営,オークラホテルズ＆リゾーツ、ニッコーホテルズ・インターナショナル、ホテルJALシティ,東京都/港区/虎ノ門/二丁目/１０番,139.74419,35.66731,5,7,54,562,1,98,1461,1,21,165,0,2018,3850000,中高層の事務所ビル、店舗等が建ち並ぶ商業地域,虎ノ門,400,商業
1109,17,相鉄フレッサイン銀座7丁目,東京都中央区銀座７丁目１１-１２,2017年10月,2017,東京都,13_東京都,286,賃貸,相鉄フレッサイン,東京都/中央区/銀座/七丁目/１１番,139.76357,35.66833,5,7,42,604,0,89,1318,0,14,165,0,2018,40100000,中高層の店舗ビル等が建ち並ぶ繁華な商業地域,銀座,260,商業
2329,7,コートヤ-ド・マリオット銀座東武ホテル,東京都中央区銀座６丁目１４-１０,2007年4月,2007,東京都,13_東京都,206,FC,マリオットインターナショナル,東京都/中央区/銀座/六丁目/１４番,139.76503,35.66837,5,7,40,604,0,89,1492,1,14,165,0,2018,40100000,中高層の店舗ビル等が建ち並ぶ繁華な商業地域,銀座,260,商業
2380,16,三井ガーデンホテル銀座プレミア,東京都中央区銀座８丁目１３-１,2005年11月,2005,東京都,13_東京都,361,賃貸,三井ガーデンホテルズ,東京都/中央区/銀座/八丁目/１３番,139.76323,35.66706,5,7,42,604,0,88,1318,0,16,165,0,2018,40100000,中高層の店舗ビル等が建ち並ぶ繁華な商業地域,銀座,260,商業
2454,13,ホテルユニゾ銀座七丁目,東京都中央区銀座7-10-9,2016年6月,2016,東京都,13_東京都,224,直営,ホテルユ二ゾグループ,東京都/中央区/銀座/七丁目/１０番,139.76329,35.66858,5,7,42,604,0,88,1318,0,14,165,0,2018,40100000,中高層の店舗ビル等が建ち並ぶ繁華な商業地域,銀座,260,商業
2989,24,ホテルグレイスリー銀座,東京都中央区銀座7-10-1,2006年10月,2006,東京都,13_東京都,270,賃貸,WHG,東京都/中央区/銀座/七丁目/１０番,139.76329,35.66858,5,7,41,604,0,90,1492,1,12,165,0,2018,40100000,中高層の店舗ビル等が建ち並ぶ繁華な商業地域,銀座,260,商業
1334,17,東急ステイ銀座,東京都中央区銀座４-１０-５,2016年3月,2016,東京都,13_東京都,191,賃貸,東急ステイ,東京都/中央区/銀座/四丁目/１０番,139.76729,35.67026,5,7,38,604,0,85,1318,1,12,165,0,2018,8510000,中高層の店舗兼事務所ビルが建ち並ぶ商業地域,東銀座,60,商業
1676,14,ソラリア西鉄ホテル銀座,東京都中央区銀座４丁目９-２,2011年9月,2011,東京都,13_東京都,209,直営,西鉄ホテルズ,東京都/中央区/銀座/四丁目/９番,139.76703,35.67066,5,7,38,604,0,85,1318,1,13,165,0,2018,8510000,中高層の店舗兼事務所ビルが建ち並ぶ商業地域,東銀座,60,商業
2370,6,ミレ二アム三井ガーデンホテル東京,東京都中央区銀座５丁目１１-１,2014年12月,2014,東京都,13_東京都,329,賃貸,三井ガーデンホテルズ,東京都/中央区/銀座/五丁目/１１番,139.76582,35.66964,5,7,38,604,0,87,1492,1,11,165,0,2018,8510000,中高層の店舗兼事務所ビルが建ち並ぶ商業地域,東銀座,60,商業
1102,10,相鉄フレッサイン新橋日比谷口,東京都港区新橋１-１４-３,2013年2月,2013,東京都,13_東京都,147,賃貸,相鉄フレッサイン,東京都/港区/新橋/一丁目/１４番,139.75739,35.66834,5,7,41,562,0,86,1318,0,12,133,0,2018,5200000,中高層店舗兼事務所ビルが建ち並ぶ中心商業地域,新橋,260,商業
1726,5,第一ホテル東京,東京都港区新橋１丁目２-６,1993年4月,1993,東京都,13_東京都,278,直営,阪急阪神第一ホテルグループ,東京都/港区/新橋/一丁目/２番,139.75735,35.66873,5,7,42,562,0,87,1318,0,13,133,0,2018,5200000,中高層店舗兼事務所ビルが建ち並ぶ中心商業地域,新橋,260,商業
2193,2,マロウドイン東京,東京都府中市若松町１-４-１,1980年4月,1980,東京都,13_東京都,161,直営,ホテルマロウドチェーン,東京都/府中市/若松町/一丁目/４番,139.49625,35.66903,5,7,97,879,3,137,1647,3,58,472,2,2018,543000,中高層ビル、小売店舗が建ち並ぶ駅前の商業地域,東府中,90,商業
1705,2,アンダーズ東京,東京都港区虎ノ門１丁目２３-４,2014年6月,2014,東京都,13_東京都,164,MC,ハイアットホテルズアンドリゾート,東京都/港区/虎ノ門/一丁目/２３番,139.74921,35.66683,5,7,52,717,1,95,1461,1,20,133,0,2018,8710000,中高層店舗兼事務所ビルが建ち並ぶ商業地域,虎ノ門,80,商業
613,4,銀座ダランドホテル,東京都中央区銀座８丁目６-１５,1977年12月,1977,東京都,13_東京都,257,賃貸,グランビスタホテル＆リゾート,東京都/中央区/銀座/八丁目/６番,139.76062,35.66862,5,7,41,562,0,86,1318,0,13,165,0,2018,14400000,中高層の店舗、店舗兼事務所が建ち並ぶ商業地域,新橋,200,商業
2366,2,ホテルザセレスティン銀座,東京都中央区銀座８丁目４-２２,2017年10月,2017,東京都,13_東京都,104,賃貸,三井ガーデンホテルズ,東京都/中央区/銀座/八丁目/４番,139.75941,35.66867,5,7,43,562,0,88,1318,0,11,165,0,2018,14400000,中高層の店舗、店舗兼事務所が建ち並ぶ商業地域,新橋,200,商業
2637,49,ホテルリブマックス東銀座,東京都中央区築地２丁目１２-１,2015年12月,2015,東京都,13_東京都,57,所有直営,リブマックスホテルズ＆リゾーツ,東京都/中央区/築地/二丁目/１２番,139.77164,35.66818,5,7,43,604,0,90,1318,1,16,165,1,2018,1840000,中高層の店舗、事務所、料亭が見られる商業地域,築地,70,商業
831,50,ホテルサンルート銀座,東京都中央区銀座１丁目１５-１１,2015年6月,2015,東京都,13_東京都,165,FC,サンルートホテルチェーン,東京都/中央区/銀座/一丁目/１５番,139.77,35.67374,5,7,41,604,0,85,1318,1,13,133,0,2018,2620000,中高層の店舗、事務所ビルが多い商業地域,東銀座,230,商業
69,39,アパホテル東京木場,東京都江東区東陽１丁目１６-１６,2005年6月,2005,東京都,13_東京都,153,所有直営,アパホテルズ＆リゾーツ,東京都/江東区/東陽/一丁目/１６番,139.81027,35.66732,5,7,63,717,1,95,1338,2,29,165,1,2018,498000,マンション、一般住宅等が混在する住宅地域,東陽町,500,1住居
2610,22,ホテルリブマックス東京木場,東京都江東区東陽１丁目２７-６,2012年8月,2012,東京都,13_東京都,40,所有直営,リブマックスホテルズ＆リゾーツ,東京都/江東区/東陽/一丁目/２７番,139.81181,35.66817,5,7,63,717,1,92,1338,2,29,165,1,2018,498000,マンション、一般住宅等が混在する住宅地域,東陽町,500,1住居
223,2,ザ・ビー赤坂,東京都港区赤坂７丁目６-１３,2004年12月,2004,東京都,13_東京都,156,直営,イシンホテルズグループ,東京都/港区/赤坂/七丁目/６番,139.7309,35.67095,5,7,60,717,2,104,1461,1,22,165,0,2018,2740000,中高層店舗兼事務所ビル等が建ち並ぶ商業地域,赤坂,180,商業
1098,6,ホテルグランドフレッサ赤坂,東京都港区赤坂６丁目３-１７,2011年12月,2011,東京都,13_東京都,139,賃貸,相鉄フレッサイン,東京都/港区/赤坂/六丁目/３番,139.73563,35.67101,5,7,57,717,2,104,1461,1,20,165,0,2018,2740000,中高層店舗兼事務所ビル等が建ち並ぶ商業地域,赤坂,180,商業
2192,1,マロウドイン赤坂,東京都港区赤坂６丁目１５-１７,1978年6月,1978,東京都,13_東京都,264,直営,ホテルマロウドチェーン,東京都/港区/赤坂/六丁目/１５番,139.73279,35.6691,5,7,60,717,2,109,1357,2,23,165,1,2018,2740000,中高層店舗兼事務所ビル等が建ち並ぶ商業地域,赤坂,180,商業
1727,6,第ーホテルアネックス,東京都千代田区内幸町１丁目５-２,1989年7月,1989,東京都,13_東京都,180,直営,阪急阪神第一ホテルグループ,東京都/千代田区/内幸町/一丁目/５番,139.7576,35.66977,5,7,43,562,0,88,1318,0,13,165,0,2018,13300000,高層の事務所ビルが建ち並ぶ商業地域,内幸町,0,商業
136,106,アパホテル新富町駅前,東京都中央区新富２丁目５-１０,2013年8月,2013,東京都,13_東京都,135,所有直営,アパホテルズ＆リゾーツ,東京都/中央区/新富/二丁目/５番,139.77388,35.67169,5,7,45,604,0,89,1318,1,16,133,0,2018,1780000,中小規模の事務所ビル、店舗が建ち並ぶ商業地域,新富町,70,商業
1498,95,東横INN溜池山王駅官邸南,東京都千代田区永田町２丁目４-１４,2005年5月,2005,東京都,13_東京都,88,NA,東横INN,東京都/千代田区/永田町/二丁目/４番,139.74319,35.67161,5,7,55,717,2,99,1461,1,20,165,0,2018,8390000,中高層の店舗兼事務所ビルが建ち並ぶ商業地域,溜池山王,0,商業
1312,1,帝国ホテル東京,東京都千代田区内幸町１丁目１-１,1890年11月,1890,東京都,13_東京都,931,直営,帝国ホテル,東京都/千代田区/内幸町/一丁目/１番,139.75806,35.67138,5,7,43,616,1,98,1461,1,10,0,0,2018,17800000,高層の事務所ビル、ホテル等が建ち並ぶ商業地域,有楽町,700,商業
6,2,メルキュールホテル銀座東京,東京都中央区銀座２丁目９-４,2003年6月,2003,東京都,13_東京都,208,賃貸,アコーホテルズ,東京都/中央区/銀座/二丁目/９番,139.7683,35.67273,5,7,41,604,0,88,1318,1,12,133,0,2018,15800000,中高層の店舗、事務所ビルが多い商業地域,銀座,150,商業
1114,22,相鉄フレッサイン銀座3丁目,東京都中央区銀座３丁目８-４,2017年12月,2017,東京都,13_東京都,147,賃貸,相鉄フレッサイン,東京都/中央区/銀座/三丁目/８番,139.76749,35.67171,5,7,40,604,0,87,1318,1,11,133,0,2018,15800000,中高層の店舗、事務所ビルが多い商業地域,銀座,150,商業
2211,5,ホテルモントレ銀座,東京都中央区銀座２丁目１０-２,2000年6月,2000,東京都,13_東京都,224,賃貸,ホテルモントレグループ,東京都/中央区/銀座/二丁目/１０番,139.76859,35.67251,5,7,41,604,0,87,1318,1,12,133,0,2018,15800000,中高層の店舗、事務所ビルが多い商業地域,銀座,150,商業
1728,7,レム日比谷,東京都千代田区有楽町１丁目２-１,2007年11月,2007,東京都,13_東京都,255,直営,阪急阪神第一ホテルグループ,東京都/千代田区/有楽町/一丁目/２番,139.75993,35.6729,5,7,42,616,1,97,1461,1,9,0,0,2018,3900000,中層の飲食店舗等の建ち並ぶ商業地域,日比谷,160,商業
721,9,京王プレッソイン赤坂,東京都港区赤坂６丁目２-１３,2015年7月,2015,東京都,13_東京都,157,賃貸,京王プレッソイン,東京都/港区/赤坂/六丁目/２番,139.73691,35.67132,5,7,56,717,2,103,1461,1,19,165,1,2018,4150000,中高層の店舗ビル等が建ち並ぶ繁華な商業地域,赤坂,90,商業
1075,1,センチュリオンホテルレジデンシャル赤坂,東京都港区赤坂３丁目１２-３,2008年5月,2008,東京都,13_東京都,48,賃貸直営,CENTURION HOTELS,東京都/港区/赤坂/三丁目/１２番,139.73785,35.6737,5,7,54,717,1,97,1461,1,15,165,0,2018,4150000,中高層の店舗ビル等が建ち並ぶ繁華な商業地域,赤坂,90,商業
1079,5,センチュリオンホテルレジデンシャルキャピタルタワー赤坂,東京都港区赤坂３丁目１２-１６,2014年11月,2014,東京都,13_東京都,145,賃貸直営,CENTURION HOTELS,東京都/港区/赤坂/三丁目/１２番,139.73785,35.6737,5,7,55,717,1,98,1461,1,16,165,0,2018,4150000,中高層の店舗ビル等が建ち並ぶ繁華な商業地域,赤坂,90,商業
1151,36,インソムニア赤坂,東京都港区赤坂赤坂２丁目１４-１４,2016年3月,2016,東京都,13_東京都,66,賃貸,ソラーレホテルズアンドリゾーツ,東京都/港区/赤坂,139.737649,35.67197,5,8,54,717,1,97,1461,1,14,165,0,2018,4150000,中高層の店舗ビル等が建ち並ぶ繁華な商業地域,赤坂,90,商業
2611,23,ホテルリブマックス府中アネックス,東京都府中市寿町３丁目４-１４,2012年8月,2012,東京都,13_東京都,38,賃貸,リブマックスホテルズ＆リゾーツ,東京都/府中市/寿町/三丁目/４番地,139.4747,35.67355,5,7,95,879,2,129,2016,1,56,472,1,2018,339000,一般住宅のほかアパートも見られる住宅地域,分倍河原,570,1中専
1195,40,ダイワロイネットホテル銀座,東京都中央区銀座１-１３-１５,2015年12月,2015,東京都,13_東京都,207,賃貸直営,ダイワロイネットホテルズ,東京都/中央区/銀座/一丁目/１３番,139.76944,35.67356,5,7,42,604,0,86,1318,1,12,133,0,2018,40600000,中高層の店舗、店舗兼事務所が建ち並ぶ商業地域,銀座一丁目,0,商業
2212,6,ホテルモントレラ・スールギンザ,東京都中央区銀座１丁目１０-１８,2000年6月,2000,東京都,13_東京都,141,賃貸,ホテルモントレグループ,東京都/中央区/銀座/一丁目/１０番,139.76917,35.67374,5,7,41,604,0,86,1318,1,13,133,0,2018,40600000,中高層の店舗、店舗兼事務所が建ち並ぶ商業地域,銀座一丁目,0,商業
2452,11,ホテルユニゾ銀座一丁目,東京都中央区銀座１丁目９-５,2015年1月,2015,東京都,13_東京都,305,直営,ホテルユ二ゾグループ,東京都/中央区/銀座/一丁目/９番,139.76888,35.67393,5,7,41,604,0,86,1318,1,7,0,0,2018,40600000,中高層の店舗、店舗兼事務所が建ち並ぶ商業地域,銀座一丁目,0,商業
1100,8,相鉄フレッサイン東京東陽町駅前,東京都江東区東陽４丁目４-３,2012年12月,2012,東京都,13_東京都,144,賃貸,相鉄フレッサイン,東京都/江東区/東陽/四丁目/４番,139.81766,35.67023,5,7,59,747,1,87,1338,2,25,165,1,2018,390000,一般住宅、事務所ビル等が混在する住宅地域,東陽町,630,2住居
3037,39,R&Bホテル東京東陽町,東京都江東区南砂２丁目１-５,2006年7月,2006,東京都,13_東京都,203,賃貸,ワシントンホテルプラザチェーン　R＆Bホテルチェーン,東京都/江東区/南砂/二丁目/１番,139.8208,35.66951,5,7,59,747,1,87,1338,2,25,165,1,2018,390000,一般住宅、事務所ビル等が混在する住宅地域,東陽町,630,2住居
1319,2,東急ステイ門前仲町,東京都江東区富岡１丁目２３-２,1996年2月,1996,東京都,13_東京都,110,賃貸,東急ステイ,東京都/江東区/富岡/一丁目/２３番,139.79892,35.6711,5,7,55,717,1,89,1461,1,18,133,0,2018,538000,住宅、マンション、事務所等が混在する住宅地域,門前仲町,280,1住居
108,78,アパホテル八丁堀駅南,東京都中央区新富１丁目１４-７,2010年12月,2010,東京都,13_東京都,135,所有直営,アパホテルズ＆リゾーツ,東京都/中央区/新富/一丁目/１４番,139.77531,35.67312,5,7,45,604,0,88,1318,1,12,133,0,2018,2540000,中高層の店舗、事務所が建ち並ぶ駅近の商業地域,八丁堀,60,商業
186,156,アパホテル新富駅北,東京都中央区新富1丁目12-11,2017年2月,2017,東京都,13_東京都,98,直営,アパホテルズ＆リゾーツ,東京都/中央区/新富/一丁目/１２番,139.77458,35.67316,5,7,44,604,0,87,1318,1,13,133,0,2018,2540000,中高層の店舗、事務所が建ち並ぶ駅近の商業地域,八丁堀,60,商業
2455,14,ユニゾイン八丁堀,東京都中央区八丁堀３丁目２０-４,2016年7月,2016,東京都,13_東京都,148,直営,ホテルユ二ゾグループ,東京都/中央区/八丁堀/三丁目/２０番,139.77696,35.67526,5,7,45,604,0,87,1318,0,10,133,0,2018,2540000,中高層の店舗、事務所が建ち並ぶ駅近の商業地域,八丁堀,60,商業
2220,14,ホテルモントレ赤坂,東京都港区赤坂４丁目９-２４,2007年4月,2007,東京都,13_東京都,196,賃貸,ホテルモントレグループ,東京都/港区/赤坂/四丁目/９番,139.73279,35.67519,5,7,58,717,1,101,1461,1,17,165,0,2018,1200000,中低層一般住宅、アパートが見られる住宅地域,赤坂,550,1住居
2598,10,ホテルリブマックス府中,東京都府中市宮西町３丁目８-５,2010年5月,2010,東京都,13_東京都,152,賃貸,リブマックスホテルズ＆リゾーツ,東京都/府中市/宮西町/三丁目/８番,139.47552,35.67175,5,7,94,879,2,129,2016,1,55,472,1,2018,1520000,中高層店舗ビル等が並ぶ駅前の商業地域,府中,0,商業
542,25,ドーミーイン東京八丁堀,東京都中央区新川２丁目２０-４,2005年12月,2005,東京都,13_東京都,160,賃貸,共立メンテナンス,東京都/中央区/新川/二丁目/２０番,139.78123,35.67393,5,7,49,604,0,90,1318,0,14,133,0,2018,1890000,中高層の店舗、事務所等が多い商業地域,八丁堀,150,商業
1027,107,スーパーホテルLohas赤坂,東京都港区赤坂３丁目１６-７,2015年3月,2015,東京都,13_東京都,157,賃貸,スーパーホテル,東京都/港区/赤坂/三丁目/１６番,139.73666,35.67475,5,7,54,717,1,97,1461,1,15,165,0,2018,7760000,高層の店舗兼事務所ビルが建ち並ぶ商業地域,赤坂見附,140,商業
1090,16,ザ・センチュリオンクラシック赤坂,東京都港区赤坂３丁目１１-８,2017年10月,2017,東京都,13_東京都,23,直営,CENTURION HOTELS,東京都/港区/赤坂/三丁目/１１番,139.73734,35.67484,5,7,54,717,1,97,1461,1,15,165,0,2018,7760000,高層の店舗兼事務所ビルが建ち並ぶ商業地域,赤坂見附,140,商業
1360,1,ザ・キャピトルホテル東急,東京都千代田区永田町２丁目１０-３,2010年10月,2010,東京都,13_東京都,251,賃貸,東急ホテルズ,東京都/千代田区/永田町/二丁目/１０番,139.73984,35.67485,5,7,53,717,2,98,1461,1,18,165,0,2018,7760000,高層の店舗兼事務所ビルが建ち並ぶ商業地域,赤坂見附,140,商業
1374,15,赤坂工クセルホテル東急,東京都千代田区永田町２丁目１４-３,1969年9月,1969,東京都,13_東京都,487,賃貸,東急ホテルズ,東京都/千代田区/永田町/二丁目/１４番,139.73805,35.67681,5,7,55,717,1,98,1461,1,14,165,0,2018,7760000,高層の店舗兼事務所ビルが建ち並ぶ商業地域,赤坂見附,140,商業
65,35,アパヴィラホテル赤坂見附,東京都港区赤坂３丁目１９-１０,2005年3月,2005,東京都,13_東京都,223,所有直営,アパホテルズ＆リゾーツ,東京都/港区/赤坂/三丁目/１９番,139.73619,35.67595,5,7,53,717,1,96,1461,1,13,165,0,2018,4660000,中高層の事務所ビルが建ち並ぶ商業地域,赤坂見附,200,商業
224,3,ザ・ビー赤坂見附,東京都港区赤坂３丁目２１-７,2005年11月,2005,東京都,13_東京都,122,賃貸,イシンホテルズグループ,東京都/港区/赤坂/三丁目/２１番,139.73576,35.6769,5,7,55,717,1,98,1461,1,14,165,0,2018,4660000,中高層の事務所ビルが建ち並ぶ商業地域,赤坂見附,200,商業
665,16,ホテルリズベリオ赤坂,東京都港区赤坂３丁目１８-１,2015年12月,2015,東京都,13_東京都,71,MC,グリーンホスピタリティーマネジメント,東京都/港区/赤坂/三丁目/１８番,139.73639,35.67544,5,7,53,717,1,96,1461,1,14,165,0,2018,4660000,中高層の事務所ビルが建ち並ぶ商業地域,赤坂見附,200,商業
1076,2,センチュリオンホテルグランド赤坂,東京都港区赤坂３-１９-３,2013年10月,2013,東京都,13_東京都,82,賃貸直営,CENTURION HOTELS,東京都/港区/赤坂/三丁目/１９番,139.73619,35.67595,5,7,53,717,1,96,1461,1,13,165,0,2018,4660000,中高層の事務所ビルが建ち並ぶ商業地域,赤坂見附,200,商業
1091,17,センチュリオンホテルヴィンテージ赤坂,東京都港区赤坂3-19-3,2017年4月,2017,東京都,13_東京都,31,賃貸直営,CENTURION HOTELS,東京都/港区/赤坂/三丁目/１９番,139.73619,35.67595,5,7,53,717,1,96,1461,1,13,165,0,2018,4660000,中高層の事務所ビルが建ち並ぶ商業地域,赤坂見附,200,商業
1514,111,東横INN門前仲町永代橋,東京都江東区永代１丁目１５-３,2006年1月,2006,東京都,13_東京都,307,NA,東横INN,東京都/江東区/永代/一丁目/１５番,139.79131,35.67519,5,7,57,604,1,94,1461,1,20,133,0,2018,707000,中高層事務所ビル等が建ち並ぶ商業地域,門前仲町,550,商業
140,110,アパホテルく銀座宝町,東京都中央区京橋３丁目１１-２,2013年11月,2013,東京都,13_東京都,108,所有直営,アパホテルズ＆リゾーツ,東京都/中央区/京橋/三丁目/１１番,139.77167,35.67439,5,7,40,604,0,83,1318,1,9,0,0,2018,6800000,高層の事務所ビルが建ち並ぶ商業地域,宝町,180,商業
1097,5,相鉄フレッサイン東京京橋,東京都中央区京橋２-１１-１,2011年12月,2011,東京都,13_東京都,160,賃貸,相鉄フレッサイン,東京都/中央区/京橋/二丁目/１１番,139.77193,35.67622,5,7,39,604,0,84,1318,1,7,0,0,2018,6800000,高層の事務所ビルが建ち並ぶ商業地域,宝町,180,商業
139,109,アパホテル銀座京橋,東京都中央区京橋３丁目６-７,2013年9月,2013,東京都,13_東京都,170,所有直営,アパホテルズ＆リゾーツ,東京都/中央区/京橋/三丁目/６番,139.76997,35.67535,5,7,39,604,0,84,1318,1,6,0,0,2018,16500000,中高層の店舗兼事務所ビルが建ち並ぶ商業地域,京橋,100,商業
214,13,ホテルアベスト銀座京橋,東京都中央区京橋3丁目9-1,2017年7月,2017,東京都,13_東京都,45,賃貸,アベストホテルズ,東京都/中央区/京橋/三丁目/９番,139.77109,35.67489,5,7,39,604,0,84,1318,1,7,0,0,2018,16500000,中高層の店舗兼事務所ビルが建ち並ぶ商業地域,京橋,100,商業
2335,13,コートヤード・バイ・マリオット東京ステーションホテル,東京都中央区京橋2-1-3,2014年4月,2014,東京都,13_東京都,150,FC,マリオットインターナショナル,東京都/中央区/京橋/二丁目/１番,139.76999,35.67785,5,7,43,604,0,87,1318,1,5,0,0,2018,16500000,中高層の店舗兼事務所ビルが建ち並ぶ商業地域,京橋,100,商業
2425,15,コートヤード・バイ・マリオット東京ステーション,東京都中央区京橋2-1-3,2014年4月,2014,東京都,13_東京都,150,直営,森トラストグループ,東京都/中央区/京橋/二丁目/１番,139.76999,35.67785,5,7,43,604,0,87,1318,1,5,0,0,2018,16500000,中高層の店舗兼事務所ビルが建ち並ぶ商業地域,京橋,100,商業
1874,1,フォーシーズンズホテル丸の内東京,東京都千代田区丸の内１丁目-１１-１,2002年10月,2002,東京都,13_東京都,57,MC,フォーシーズンズホテルズアンドリゾーツ,東京都/千代田区/丸の内/一丁目/１１番,139.76665,35.67814,5,7,45,604,0,91,1461,1,1,0,0,2018,12200000,高層事務所ビルの中、駐車場も見られる商業地域,有楽町,300,商業
2122,12,ヴィラフォンテーヌ東京八丁堀,東京都中央区日本橋茅場町３丁目３-３,2006年3月,2006,東京都,13_東京都,115,所有直営,ホテルヴィラフォンテーヌ,東京都/中央区/日本橋茅場町/三丁目/３番,139.77759,35.67792,5,7,47,604,0,83,1318,0,13,0,0,2018,4130000,高層の店舗兼事務所が建ち並ぶ商業地域,八丁堀,150,商業
1999,18,スマイルホテル東京日本橋,東京都中央区日本橋茅場町２丁目１３-５,2010年1月,2010,東京都,13_東京都,171,賃貸,ホスピタリティパートナーズグループ,東京都/中央区/日本橋茅場町/二丁目/１３番,139.77994,35.67907,5,7,47,604,0,82,1318,0,15,133,0,2018,1870000,中高層の店舗、事務所ビルが建ち並ぶ商業地域,茅場町,100,商業
2652,64,ホテルリブマックス茅場町,東京都中央区日本橋茅場町３丁目７-３,2016年12月,2016,東京都,13_東京都,102,賃貸,リブマックスホテルズ＆リゾーツ,東京都/中央区/日本橋茅場町/三丁目/７番,139.77834,35.67776,5,7,49,604,0,84,1318,0,13,133,0,2018,1870000,中高層の店舗、事務所ビルが建ち並ぶ商業地域,茅場町,100,商業
2118,8,ヴィラフォンテーヌ茅場町,東京都中央区新川１丁目８-２,2001年12月,2001,東京都,13_東京都,294,所有直営,ホテルヴィラフォンテーヌ,東京都/中央区/新川/一丁目/８番,139.78285,35.67796,5,7,50,604,0,85,1318,0,21,133,0,2018,1960000,中高層の事務所ビルが建ち並ぶ路線商業地域,茅場町,250,商業
722,10,京王プレッソイン東京駅八重洲,東京都中央区京橋１丁目,2017年8月,2017,東京都,13_東京都,248,賃貸,京王プレッソイン,東京都/中央区/京橋/一丁目,139.769942,35.678895,5,8,41,604,0,83,1318,0,9,0,0,2018,21300000,中高層事務所ビル等が建ち並ぶ中心的商業地域,東京,220,商業
1012,92,スーパーホテルLOHAS東京駅八重洲中央口,東京都中央区八重洲２丁目２-７,2013年8月,2013,東京都,13_東京都,325,賃貸,スーパーホテル,東京都/中央区/八重洲/二丁目/２番,139.76909,35.67934,5,7,45,604,0,89,1318,0,3,0,0,2018,21300000,中高層事務所ビル等が建ち並ぶ中心的商業地域,東京,220,商業
2369,5,三井ガーデンホテル京橋,東京都中央区京橋1-３-６,2016年9月,2016,東京都,13_東京都,233,賃貸,三井ガーデンホテルズ,東京都/中央区/京橋/一丁目/３番,139.77074,35.67885,5,7,43,604,0,87,1318,1,5,0,0,2018,21300000,中高層事務所ビル等が建ち並ぶ中心的商業地域,東京,220,商業
1924,44,ザ・プリンスギャラリー東京紀尾井町,東京都千代田区紀尾井町１-２,2016年7月,2016,東京都,13_東京都,250,賃貸,プリンスホテルズ＆リゾーツ,東京都/千代田区/紀尾井町/１番,139.73718,35.67992,5,7,56,717,1,99,1461,1,17,165,0,2018,2650000,中層店舗付事務所ビル、ホテル等が建ち並ぶ地域,永田町,150,2住居
2357,35,ザ・プリンスギャラリー東京紀尾井町,東京都千代田区紀尾井町１-２,2016年7月,2016,東京都,13_東京都,250,NA,マリオットインターナショナル,東京都/千代田区/紀尾井町/１番,139.73718,35.67992,5,7,56,717,1,99,1461,1,17,165,0,2018,2650000,中層店舗付事務所ビル、ホテル等が建ち並ぶ地域,永田町,150,2住居
377,5,ホテルイースト21東京,東京都江東区東陽６丁目３-３,1992年9月,1992,東京都,13_東京都,396,MC,オークラホテルズ＆リゾーツ、ニッコーホテルズ・インターナショナル、ホテルJALシティ,東京都/江東区/東陽/六丁目/３番,139.81483,35.67483,5,7,67,747,1,95,1338,2,33,165,1,2018,460000,小工場、倉庫、住宅等の混在する住宅地域,住吉,1100,準工
903,42,東京ステーションホテル,東京都千代田区丸の内１丁目９-１,2012年10月,2012,東京都,13_東京都,150,賃貸,JR東日本ホテルズ,東京都/千代田区/丸の内/一丁目/９番,139.76724,35.68125,5,7,45,637,1,89,1318,0,1,0,0,2018,20800000,中高層の店舗、事務所ビルが建ち並ぶ商業地域,東京,180,商業
2113,3,ヴィラフォンテーヌ日本橋箱崎,東京都中央区日本橋箱崎町２０-１０,1997年8月,1997,東京都,13_東京都,163,所有直営,ホテルヴィラフォンテーヌ,東京都/中央区/日本橋箱崎町/２０番,139.78613,35.68023,5,7,53,604,0,90,1318,0,19,165,1,2018,1020000,中高層事務所、マンション等が混在する商業地域,水天宮前,220,商業
2629,41,ホテルリブマックス日本橋箱崎,東京都中央区日本橋箱崎町２９-５,2015年3月,2015,東京都,13_東京都,48,賃貸,リブマックスホテルズ＆リゾーツ,東京都/中央区/日本橋箱崎町/２９番,139.78758,35.67953,5,7,55,604,0,92,1318,0,20,165,1,2018,1020000,中高層事務所、マンション等が混在する商業地域,水天宮前,220,商業
717,5,京王プレッソイン茅場町,東京都中央区日本橋茅場町１丁目３-５,2008年3月,2008,東京都,13_東京都,236,賃貸,京王プレッソイン,東京都/中央区/日本橋茅場町/一丁目/３番,139.78014,35.68081,5,7,47,604,0,82,1318,0,17,298,1,2018,5010000,高層の事務所ビルが建ち並ぶ既成商業地域,茅場町,0,商業
1104,12,相鉄フレッサイン日本橋茅場町,東京都中央区日本橋茅場町１丁目３-１０,2013年4月,2013,東京都,13_東京都,196,賃貸,相鉄フレッサイン,東京都/中央区/日本橋茅場町/一丁目/３番,139.78014,35.68081,5,7,46,604,0,81,1318,0,17,298,1,2018,5010000,高層の事務所ビルが建ち並ぶ既成商業地域,茅場町,0,商業
2471,2,都市センターホテル,東京都千代田区平河町２丁目４-１,1959年3月,1959,東京都,13_東京都,327,MC,リーガロイヤルホテルグループ,東京都/千代田区/平河町/二丁目/４番,139.73882,35.68181,5,7,60,717,1,103,1461,1,21,165,0,2018,2460000,マンション、会館、事務所等が混在する住宅地域,永田町,340,2住居
1240,12,コンフォートホテル東京清澄白河,東京都江東区白河１丁目６-１２,2005年3月,2005,東京都,13_東京都,168,FC,チョイスホテルズジャパン,東京都/江東区/白河/一丁目/６番,139.79933,35.68226,5,7,55,655,1,88,1327,1,21,165,1,2018,708000,店舗、マンション等が建ち並ぶ商業地域,清澄白河,110,商業
1658,255,東横INN東京八重洲北口,東京都中央区八重洲1-5-5,2017年4月,2017,東京都,13_東京都,101,NA,東横INN,東京都/中央区,139.771133,35.68207,5,8,48,604,0,86,1318,0,3,0,0,2018,7540000,中高層の店舗、事務所ビルが建ち並ぶ商業地域,日本橋,160,商業
1721,4,パレスホテル東京,東京都千代田区丸の内１丁目１-１,2012年5月,2012,東京都,13_東京都,290,直営,パレスホテルグループ,東京都/千代田区/丸の内/一丁目/１番,139.76176,35.68456,5,7,48,637,1,95,1431,1,2,0,0,2018,35700000,特定街区等による大規模ビル中心の商業地域,東京,0,商業
1101,9,相鉄フレッサイン日本橋人形町,東京都中央区日本橋蛎殻町１丁目１５-４,2013年1月,2013,東京都,13_東京都,128,賃貸,相鉄フレッサイン,東京都/中央区/日本橋蛎殻町/一丁目/１５番,139.78249,35.68334,5,7,48,604,0,85,1318,0,23,298,1,2018,1960000,中高層の店舗、事務所ビルが建ち並ぶ商業地域,水天宮前,200,商業
1489,86,東横INN日本橋人形町,東京都中央区日本橋蛎殻町１丁目１０-２,2004年12月,2004,東京都,13_東京都,142,NA,東横INN,東京都/中央区/日本橋蛎殻町/一丁目/１０番,139.78136,35.68346,5,7,48,604,0,85,1318,0,19,133,0,2018,1960000,中高層の店舗、事務所ビルが建ち並ぶ商業地域,水天宮前,200,商業
2185,12,ホテル法華イン東京日本橋,東京都中央区日本橋小網町4-6,2001年1月,2001,東京都,13_東京都,91,直営,ホテル法華クラブグループ,東京都/中央区/日本橋小網町/４番,139.78232,35.68162,5,7,49,604,0,84,1318,0,20,133,0,2018,1960000,中高層の店舗、事務所ビルが建ち並ぶ商業地域,水天宮前,200,商業
1679,1,ホテル二ューオータ二,東京都千代田区紀尾井町４-１,1964年9月,1964,東京都,13_東京都,1479,直営,二ューオータ二ホテルズ,東京都/千代田区/紀尾井町/４番,139.73428,35.68044,5,7,58,717,1,101,1461,1,19,165,0,2018,1540000,高層の事務所ビルが建ち並ぶ商業地域,麹町,400,2住居
2959,2,ロイヤルパークホテル,東京都中央区日本橋蛎殻町２-１-１,1989年6月,1989,東京都,13_東京都,417,直営,ロイヤルパークホテルズ,東京都/中央区/日本橋蛎殻町/二丁目/１番,139.78632,35.68217,5,7,52,604,0,89,1318,1,20,165,1,2018,893000,中層事務所ビルの他共同住宅も見られる商業地域,水天宮前,130,商業
701,29,くれたけイン東京船堀,東京都江戸川区船堀１丁目７-１９,2015年7月,2015,東京都,13_東京都,80,賃貸,くれたけホテルチェーン,東京都/江戸川区/船堀/一丁目/７番,139.86331,35.68475,5,7,68,707,1,90,1378,2,30,349,1,2018,700000,中高層店舗、事務所兼共同住宅が多い商業地域,船堀,130,商業
2431,21,シャングリラホテル東京,東京都千代田区丸の内1-8-3丸の内トラストタワー本館,2009年3月,2009,東京都,13_東京都,200,その他,森トラストグループ,東京都/千代田区/丸の内/一丁目/８番,139.76956,35.68267,5,7,46,637,1,88,1318,0,1,0,0,2018,23700000,超高層の事務所主体のビルが建ち並ぶ商業地域,東京,280,商業
148,118,アパホテル半蔵門平河町,東京都千代田区平河町１丁目３-５,2014年4月,2014,東京都,13_東京都,231,賃貸直営,アパホテルズ＆リゾーツ,東京都/千代田区/平河町/一丁目/３番,139.73981,35.68296,5,7,64,717,1,106,1399,1,25,165,0,2018,2410000,中高層の店舗、事務所等が建ち並ぶ商業地域,半蔵門,220,商業
106,76,アパホテル日本橋浜町駅南,東京都中央区日本橋浜町３丁目４３-８,2010年12月,2010,東京都,13_東京都,159,所有直営,アパホテルズ＆リゾーツ,東京都/中央区/日本橋浜町/三丁目/４３番,139.79137,35.68637,5,7,56,604,0,85,1276,0,23,307,1,2018,1150000,高層共同住宅が建ち並び事務所等が見られる地域,浜町,480,商業
1573,170,東横INN東京駅新大橋前,東京都中央区日本橋浜町２丁目５８-２,2008年2月,2008,東京都,13_東京都,208,NA,東横INN,東京都/中央区/日本橋浜町/二丁目/５８番,139.79057,35.68727,5,7,55,604,0,83,1276,0,21,307,1,2018,1150000,高層共同住宅が建ち並び事務所等が見られる地域,浜町,480,商業
2301,59,フレックステイイン清澄白河,東京都江東区常盤１丁目１２-１６,1993年1月,1993,東京都,13_東京都,55,賃貸,ホテルマイステイズマネジメント,東京都/江東区/常盤/一丁目/１２番,139.79596,35.68479,5,7,61,655,1,92,1318,1,25,307,1,2018,534000,一般住宅の中に事業所等も混在する住宅地域,清澄白河,370,準工
1668,6,西鉄イン日本橋,東京都中央区日本橋小舟町１５-１８,2003年4月,2003,東京都,13_東京都,263,直営,西鉄ホテルズ,東京都/中央区/日本橋小舟町/１５番,139.77951,35.68574,5,7,46,604,0,83,1318,0,16,133,0,2018,1040000,中低層店舗併用住宅、事務所ビルが多い商業地域,人形町,120,商業
898,37,ホテルメトロポリタン丸の内,東京都千代田区丸の内１丁目７-１２,2007年5月,2007,東京都,13_東京都,343,賃貸,JR東日本ホテルズ,東京都/千代田区/丸の内/一丁目/７番,139.76794,35.6835,5,7,48,637,1,88,1318,0,1,0,0,2018,27500000,高層事務所ビルが建ち並ぶ中心的業務商業地域,大手町,0,商業
833,52,東京グリーンパレス,東京都千代田区二番町２,1996年11月,1996,東京都,13_東京都,238,MC,サンルートホテルチェーン,東京都/千代田区/二番町/２番地,139.73729,35.68705,5,7,64,648,2,102,1430,2,21,165,0,2018,3960000,中高層の店舗、事務所ビルが多い商業地域,麹町,0,商業
2218,12,ホテルモントレ半蔵門,東京都千代田区一番町２３-１,2006年9月,2006,東京都,13_東京都,340,賃貸,ホテルモントレグループ,東京都/千代田区/一番町/２３番地,139.74246,35.68681,5,7,64,717,2,104,1399,1,23,165,1,2018,2480000,店舗兼事務所、マンション等が混在する商業地域,半蔵門,110,商業
1009,89,スーパーホテル東京・日本橋三越前,東京都中央区日本橋小舟町１４-１３,2012年3月,2012,東京都,13_東京都,83,賃貸,スーパーホテル,東京都/中央区/日本橋小舟町/１４番,139.7789,35.68703,5,7,48,604,0,83,1276,0,13,133,0,2018,2510000,中低層の店舗、事務所ビル等が建ち並ぶ商業地域,三越前,140,商業
1565,162,東横INN日本橋三越前A4,東京都中央区日本橋小舟町１１-１２,2007年10月,2007,東京都,13_東京都,83,NA,東横INN,東京都/中央区/日本橋小舟町/１１番,139.77846,35.68717,5,7,48,604,0,84,1276,0,14,133,0,2018,2510000,中低層の店舗、事務所ビル等が建ち並ぶ商業地域,三越前,140,商業
1998,17,スマイルホテル日本橋三越前,東京都中央区日本橋本町１丁目４-１４,2012年11月,2012,東京都,13_東京都,164,FC,ホスピタリティパートナーズグループ,東京都/中央区/日本橋本町/一丁目/４番,139.77577,35.68615,5,7,50,604,0,87,1318,0,9,0,0,2018,2510000,中低層の店舗、事務所ビル等が建ち並ぶ商業地域,三越前,140,商業
2114,4,ヴィラフォンテーヌ日本橋三越前,東京都中央区日本橋本町１丁目７-６,1997年8月,1997,東京都,13_東京都,154,所有直営,ホテルヴィラフォンテーヌ,東京都/中央区/日本橋本町/一丁目/７番,139.77716,35.68596,5,7,47,604,0,82,1318,0,13,133,0,2018,2510000,中低層の店舗、事務所ビル等が建ち並ぶ商業地域,三越前,140,商業
2105,19,ホテルウィングインターナショナルプレミアム東京四谷,東京都新宿区四谷３丁目１４-１,2014年6月,2014,東京都,13_東京都,185,賃貸,ホテルウィングインターナショナル,東京都/新宿区/四谷/三丁目/１４番地,139.71841,35.688,5,7,60,717,2,101,1473,2,19,165,0,2018,805000,中規模一般住宅、マンションが混在する住宅地域,四谷三丁目,300,1中専
1323,6,東急ステイ四谷,東京都新宿区四谷2丁目１-３,2001年5月,2001,東京都,13_東京都,147,賃貸,東急ステイ,東京都/新宿区/四谷/二丁目/１番地,139.72676,35.68649,5,7,59,717,2,100,1461,2,18,165,0,2018,4710000,中高層の店舗、事務所ビルが建ち並ぶ商業地域,四ツ谷,200,商業
2377,13,三井ガーデンホテル四谷,東京都新宿区四谷１丁目２４,2009年3月,2009,東京都,13_東京都,121,賃貸,三井ガーデンホテルズ,東京都/新宿区/四谷/一丁目/２４番地,139.72743,35.68677,5,7,57,717,2,100,1430,2,16,165,0,2018,4710000,中高層の店舗、事務所ビルが建ち並ぶ商業地域,四ツ谷,200,商業
715,3,京王プレッソイン新宿,東京都新宿区西新宿3-４-５,2005年5月,2005,東京都,13_東京都,371,賃貸,京王プレッソイン,東京都/新宿区/西新宿/三丁目/４番,139.69235,35.68562,5,7,66,572,1,105,1369,1,32,194,0,2018,1350000,中層事務所ビル、共同住宅等が混在する商業地域,新宿,560,商業
2506,7,サンメンバーズ東京新宿,東京都新宿区西新宿３-５-１３,1982年12月,1982,東京都,13_東京都,181,所有直営,リゾートトラスト,東京都/新宿区/西新宿/三丁目/５番,139.69197,35.68641,5,7,68,601,1,106,1369,1,33,194,0,2018,1350000,中層事務所ビル、共同住宅等が混在する商業地域,新宿,560,商業
2970,5,新宿ワシントンホテル本館,東京都新宿区西新宿3-2-9,1983年12月,1983,東京都,13_東京都,1297,賃貸,WHG,東京都/新宿区/西新宿/三丁目/２番,139.6936,35.68681,5,7,66,601,1,104,1369,1,31,194,0,2018,1350000,中層事務所ビル、共同住宅等が混在する商業地域,新宿,560,商業
2971,6,新宿ワシントンホテル新館,東京都新宿区西新宿3-2-9,1986年3月,1986,東京都,13_東京都,337,MC,WHG,東京都/新宿区/西新宿/三丁目/２番,139.6936,35.68681,5,7,66,601,1,104,1369,1,31,194,0,2018,1350000,中層事務所ビル、共同住宅等が混在する商業地域,新宿,560,商業
427,7,小田急ホテルセンチュリーサザンタワー,東京都渋谷区代々木２丁目２-１,1998年4月,1998,東京都,13_東京都,375,所有直営,小田急グループホテル,東京都/渋谷区/代々木/二丁目/２番,139.70033,35.68699,5,7,58,572,1,103,1369,1,24,194,0,2018,4000000,中高層の事務所、各種学校等が見られる商業地域,代々木,150,商業
716,4,京王プレッソイン大手町,東京都中央区日本橋本石町４丁目４-１京王プレッソイン大手町ビル,2005年10月,2005,東京都,13_東京都,386,賃貸,京王プレッソイン,東京都/中央区/日本橋本石町/四丁目/４番,139.77122,35.68862,5,7,47,637,1,92,1318,0,5,0,0,2018,1860000,中高層の店舗、事務所ビルが建ち並ぶ商業地域,新日本橋,160,商業
1704,1,パークハイアット東京,東京都新宿区西新宿3-7-1-2,1994年7月,1994,東京都,13_東京都,177,MC,ハイアットホテルズアンドリゾート,東京都/新宿区/西新宿/三丁目/７番,139.68993,35.68604,5,7,71,601,1,106,1493,1,35,194,0,2018,850000,中低層のマンション、事業所の多い商業地域,西新宿五丁目,350,商業
113,83,アパホテル人形町駅北,東京都中央区日本橋堀留町２丁目９-４,2010年6月,2010,東京都,13_東京都,206,所有直営,アパホテルズ＆リゾーツ,東京都/中央区/日本橋堀留町/二丁目/９番,139.7818,35.68829,5,7,45,604,0,80,1276,0,16,133,0,2018,1270000,中層の営業所、事務所ビルが建ち並ぶ商業地域,人形町,280,商業
1631,228,東横INN日本橋税務署前,東京都中央区日本橋富沢町１１-５,2010年12月,2010,東京都,13_東京都,118,NA,東横INN,東京都/中央区/日本橋富沢町/１１番,139.78181,35.68986,5,7,47,604,0,80,1276,0,13,133,0,2018,1270000,中層の営業所、事務所ビルが建ち並ぶ商業地域,人形町,280,商業
1322,5,東急ステイ日本橋,東京都中央区日本橋本町４丁目７-９,2000年1月,2000,東京都,13_東京都,121,賃貸,東急ステイ,東京都/中央区/日本橋本町/四丁目/７番,139.77448,35.68982,5,7,48,637,1,91,1431,2,13,133,0,2018,5230000,高層の店舗、事務所ビルが多い既成商業地域,新日本橋,0,商業
150,120,アパホテル新宿御苑前,東京都新宿区新宿２丁目２-８,2014年4月,2014,東京都,13_東京都,411,所有直営,アパホテルズ＆リゾーツ,東京都/新宿区/新宿/二丁目/２番,139.7088,35.68874,5,7,61,717,2,102,1473,2,20,195,0,2018,2250000,中高層の店舗兼事務所ビル等が建ち並ぶ商業地域,新宿三丁目,180,商業
118,88,アパホテル小伝馬町駅前,東京都中央区日本橋大伝馬町１４-２０,2011年12月,2011,東京都,13_東京都,172,所有直営,アパホテルズ＆リゾーツ,東京都/中央区/日本橋大伝馬町/１４番,139.78065,35.69119,5,7,48,604,0,81,1276,0,11,133,0,2018,2560000,中高層の店舗、事務所ビルが建ち並ぶ商業地域,小伝馬町,0,商業
541,24,ドーミーインPREMIUM東京小伝馬町,東京都中央区日本橋小伝馬町２-３,2016年9月,2016,東京都,13_東京都,134,賃貸,共立メンテナンス,東京都/中央区/日本橋小伝馬町/２番,139.77832,35.69043,5,7,49,717,1,85,1276,0,11,133,0,2018,2560000,中高層の店舗、事務所ビルが建ち並ぶ商業地域,小伝馬町,0,商業
1551,148,東横INN東横INN東京日本橋,東京都中央区日本橋大伝馬町１４-１６,?2007年3月,2007,東京都,13_東京都,229,NA,東横INN,東京都/中央区/日本橋大伝馬町/１４番,139.78065,35.69119,5,7,48,604,0,81,1276,0,10,133,0,2018,2560000,中高層の店舗、事務所ビルが建ち並ぶ商業地域,小伝馬町,0,商業
823,42,ホテルサンルートプラザ新宿,東京都渋谷区代々木２丁目３-１,2007年9月,2007,東京都,13_東京都,624,賃貸,サンルートホテルチェーン,東京都/渋谷区/代々木/二丁目/３番,139.69904,35.687,5,7,59,572,1,103,1369,1,26,194,0,2018,8340000,中高層の店舗、事務所ビルが建ち並ぶ商業地域,新宿,400,商業
838,3,JR九州ホテルブラッサム新宿,東京都渋谷区代々木２丁目６-２,2014年8月,2014,東京都,13_東京都,240,所有直営,JR九州グループホテル,東京都/渋谷区/代々木/二丁目/６番,139.69888,35.68784,5,7,60,601,1,101,1369,1,24,194,0,2018,8340000,中高層の店舗、事務所ビルが建ち並ぶ商業地域,新宿,400,商業
421,1,ハイアットリージェンシー東京,東京都新宿区西新宿２丁目７-２,1980年9月,1980,東京都,13_東京都,746,所有直営,小田急グループホテル,東京都/新宿区/西新宿/二丁目/７番,139.69138,35.69125,5,7,65,655,1,112,1369,1,29,195,0,2018,10200000,高層店舗兼事務所ビルが建ち並ぶ中心的商業地域,新宿,640,商業
709,1,京王プラザホテル,東京都新宿区西新宿２丁目２-１,1971年6月,1971,東京都,13_東京都,1438,直営,京王プラザホテル,東京都/新宿区/西新宿/二丁目/２番,139.69434,35.68999,5,7,65,601,1,104,1369,1,30,195,0,2018,10200000,高層店舗兼事務所ビルが建ち並ぶ中心的商業地域,新宿,640,商業
1707,4,ハイアットリージェンシー東京,東京都新宿区西新宿２丁目７-２,1980年9月,1980,東京都,13_東京都,746,MC,ハイアットホテルズアンドリゾート,東京都/新宿区/西新宿/二丁目/７番,139.69138,35.69125,5,7,65,655,1,112,1369,1,29,195,0,2018,10200000,高層店舗兼事務所ビルが建ち並ぶ中心的商業地域,新宿,640,商業
1798,1,ヒルトン東京,東京都新宿区西新宿６丁目６-２,1984年9月,1984,東京都,13_東京都,809,MC,ヒルトン,東京都/新宿区/西新宿/六丁目/６番,139.69113,35.69254,5,7,68,655,1,113,1369,1,28,195,0,2018,10200000,高層店舗兼事務所ビルが建ち並ぶ中心的商業地域,新宿,640,商業
1652,249,東横INN東京大手町A1,東京都千代田区内神田１丁目８-１０,2017年1月,2017,東京都,13_東京都,131,NA,東横INN,東京都/千代田区/内神田/一丁目/８番,139.76683,35.69033,5,7,57,802,2,96,1431,1,5,0,0,2018,4000000,高層の店舗事務所ビルが建ち並ぶ商業地域,大手町,300,商業
1981,29,星のや東京,東京都千代田区大手町１丁目９-１,2016年,2016,東京都,13_東京都,84,賃貸,星野リゾート,東京都/千代田区/大手町/一丁目/９番,139.76541,35.68829,5,7,51,637,1,97,1357,1,2,0,0,2018,4000000,高層の店舗事務所ビルが建ち並ぶ商業地域,大手町,300,商業
2116,6,ヴィラフォンテーヌ大手町,東京都千代田区内神田１丁目８-８,2001年1月,2001,東京都,13_東京都,143,所有直営,ホテルヴィラフォンテーヌ,東京都/千代田区/内神田/一丁目/８番,139.76683,35.69033,5,7,46,637,1,96,1389,2,6,0,0,2018,4000000,高層の店舗事務所ビルが建ち並ぶ商業地域,大手町,300,商業
1333,16,東急ステイ新宿,東京都新宿区新宿３丁目７-１,2015年5月,2015,東京都,13_東京都,179,賃貸,東急ステイ,東京都/新宿区/新宿/三丁目/７番,139.70616,35.69094,5,7,64,747,2,105,1369,1,24,195,0,2018,2410000,中層の飲食店舗が建ち並ぶ商業地域,新宿三丁目,130,商業
1550,147,東横INN日本橋浜町明治座前,東京都中央区日本橋浜町１丁目１-４,2007年3月,2007,東京都,13_東京都,85,NA,東横INN,東京都/中央区/日本橋浜町/一丁目/１番,139.78577,35.68905,5,7,46,604,0,78,1276,0,15,133,0,2018,1680000,中高層の店舗、事務所ビル等が建ち並ぶ商業地域,東日本橋,280,商業
2440,6,グリッズ日本橋イーストホテル＋ホテル,東京都中央区日本橋久松町４-７,2015年12月,2015,東京都,13_東京都,115,MC,UDS,東京都/中央区/日本橋久松町/４番,139.78365,35.69003,5,7,44,604,0,76,1276,0,13,133,0,2018,1680000,中高層の店舗、事務所ビル等が建ち並ぶ商業地域,東日本橋,280,商業
2457,16,ユニゾイン神田駅西,東京都千代田区内神田２-８-４,2017年8月,2017,東京都,13_東京都,219,直営,ホテルユ二ゾグループ,東京都/千代田区/内神田/二丁目/８番,139.76839,35.69073,5,7,43,637,1,93,1389,2,7,0,0,2018,2300000,中層の店舗、事務所ビル等が建ち並ぶ商業地域,神田,200,商業
122,92,アパホテル神田駅東,東京都千代田区岩本町２丁目１-１,2012年3月,2012,東京都,13_東京都,158,所有直営,アパホテルズ＆リゾーツ,東京都,139.775129,35.69209,3,8,47,637,1,90,1318,1,12,133,0,2018,905000,中層の事務所ビルが建ち並ぶ商業地域,小伝馬町,400,商業
1257,29,コンフォートホテル東京神田,東京都千代田区神田東松下町１１-２,2007年12月,2007,東京都,13_東京都,103,FC,チョイスホテルズジャパン,東京都/千代田区/神田東松下町/１１番地,139.77455,35.69353,5,7,45,637,1,89,1318,1,10,133,0,2018,905000,中層の事務所ビルが建ち並ぶ商業地域,小伝馬町,400,商業
2261,19,ホテルマイステイズ神田,東京都千代田区岩本町１丁目２-２,2006年1月,2006,東京都,13_東京都,126,賃貸,ホテルマイステイズマネジメント,東京都/千代田区/岩本町/一丁目/２番,139.77579,35.69159,5,7,47,637,1,91,1318,1,12,133,0,2018,905000,中層の事務所ビルが建ち並ぶ商業地域,小伝馬町,400,商業
2639,51,ホテルリブマックス北府中,東京都府中市栄町３丁目１５-９,2016年2月,2016,東京都,13_東京都,23,賃貸,リブマックスホテルズ＆リゾーツ,東京都/府中市/栄町/三丁目/１５番,139.47057,35.68744,5,7,103,1120,3,129,2016,1,57,550,2,2018,255000,一般住宅等が建ち並ぶ区画整然とした住宅地域,国分寺,1500,1低専
280,11,ヴィアイン新宿,東京都新宿区新宿５丁目１１-１６,2012年2月,2012,東京都,13_東京都,226,賃貸,ヴィアインホテルチェーン,東京都/新宿区/新宿/五丁目/１１番,139.70744,35.69277,5,7,67,747,2,109,1473,2,27,195,0,2018,1130000,中低層の店舗兼事務所ビルが見られる商業地域,新宿三丁目,400,商業
394,22,ホテル日航立川東京,東京都立川市錦町１丁目１２-１,2015年11月,2015,東京都,13_東京都,100,MC,オークラホテルズ＆リゾーツ、ニッコーホテルズ・インターナショナル、ホテルJALシティ,東京都/立川市/錦町/一丁目/１２番,139.41956,35.69679,5,7,92,1195,2,136,2016,2,48,637,0,2018,333000,一般住宅、アパートが見られる住宅地域,西国立,380,1住居
2275,33,ホテルマイステイズ立川,東京都立川市錦町１丁目８-１４,2015年12月,2015,東京都,13_東京都,121,賃貸,ホテルマイステイズマネジメント,東京都/立川市/錦町/一丁目/８番,139.41891,35.69522,5,7,92,1195,2,136,2016,2,48,637,0,2018,333000,一般住宅、アパートが見られる住宅地域,西国立,380,1住居
2485,5,ホテルリステル新宿本館,東京都新宿区新宿５丁目３-２０,1985年3月,1985,東京都,13_東京都,213,直営,リステルホテル,東京都/新宿区/新宿/五丁目/３番,139.71118,35.69234,5,7,70,717,2,111,1473,2,29,195,0,2018,737000,一般住宅、共同住宅、営業所が混在する住宅地域,新宿三丁目,650,1住居
2486,6,ホテルリステル新宿アネックス,東京都新宿区新宿５丁目３-２０,1991年11月,1991,東京都,13_東京都,50,直営,リステルホテル,東京都/新宿区/新宿/五丁目/３番,139.71118,35.69234,5,7,70,717,2,111,1473,2,29,195,0,2018,737000,一般住宅、共同住宅、営業所が混在する住宅地域,新宿三丁目,650,1住居
158,128,アパホテル神田神保町駅東,東京都千代田区神田小川町３丁目１-２２,2015年1月,2015,東京都,13_東京都,187,所有直営,アパホテルズ＆リゾーツ,東京都/千代田区/神田小川町/三丁目/１番地,139.76234,35.69446,5,7,56,604,1,97,1318,1,11,0,0,2018,3230000,中高層の事務所ビル等が建ち並ぶ商業地域,神保町,290,商業
50,20,アパホテル東京大島,東京都江東区大島１丁目８-７,2000年5月,2000,東京都,13_東京都,102,所有直営,アパホテルズ＆リゾーツ,東京都/江東区/大島/一丁目/８番,139.82176,35.68901,5,7,65,655,1,91,1327,1,27,349,1,2018,482000,中層の共同住宅、事務所等が見られる住宅地域,亀戸,450,準工
1108,16,相鉄フレッサイン御茶ノ水神保町,東京都千代田区神田神保町１-１９-７,2015年2月,2015,東京都,13_東京都,130,賃貸,相鉄フレッサイン,東京都/千代田区/神田神保町/一丁目/１９番,139.76047,35.69526,5,7,52,604,1,93,1318,1,16,165,0,2018,1370000,中層の店舗兼事務所ビルが多く見られる商業地域,神保町,170,商業
1329,12,東急ステイ西新宿,東京都新宿区西新宿５丁目９-８,2010年1月,2010,東京都,13_東京都,149,賃貸,東急ステイ,東京都/新宿区/西新宿/五丁目/９番,139.68625,35.69161,5,7,64,655,1,113,1369,1,33,195,0,2018,666000,一般住宅、アパート等が混在する住宅地域,西新宿五丁目,500,2住居
1734,13,第一ホテル両国,東京都墨田区横網１丁目６-１,2000年5月,2000,東京都,13_東京都,334,FC,阪急阪神第一ホテルグループ,東京都/墨田区/横網/一丁目/６番,139.79701,35.69824,5,7,62,655,1,88,1276,0,26,154,1,2018,587000,営業所、店舗等が建ち並ぶ駅近くの商業地域,両国,90,商業
1784,5,両国ビューホテル,東京都墨田区両国２丁目１９-１,2015年11月,2015,東京都,13_東京都,150,賃貸,ビューホテルズ＆リゾーツ,東京都/墨田区/両国/二丁目/１９番,139.79207,35.69549,5,7,55,604,0,83,1276,0,19,154,1,2018,587000,営業所、店舗等が建ち並ぶ駅近くの商業地域,両国,90,商業
2258,16,ホテルマイステイズ亀戸P,東京都江東区亀戸６丁目３２-１,1992年2月,1992,東京都,13_東京都,265,賃貸,ホテルマイステイズマネジメント,東京都/江東区/亀戸/六丁目/３２番,139.82916,35.6944,5,7,64,758,1,97,1460,2,24,165,1,2018,542000,中層の店舗事務所ビルの建ち並ぶ商業地域,亀戸,360,商業
2259,17,ホテルマイステイズ亀戸P2,東京都江東区亀戸６丁目３２-１,1992年2月,1992,東京都,13_東京都,175,賃貸,ホテルマイステイズマネジメント,東京都/江東区/亀戸/六丁目/３２番,139.82916,35.6944,5,7,64,758,1,97,1460,2,24,165,1,2018,542000,中層の店舗事務所ビルの建ち並ぶ商業地域,亀戸,360,商業
226,5,ザ・ビーお茶の水,東京都千代田区神田淡路町１丁目７-５,2008年2月,2008,東京都,13_東京都,72,賃貸,イシンホテルズグループ,東京都/千代田区/神田淡路町/一丁目/７番,139.76656,35.69575,5,7,50,637,1,96,1318,1,9,165,0,2018,5180000,中高層の店舗兼事務所の建ち並ぶ商業地域,淡路町,0,商業
714,2,京王プレッソイン神田,東京都千代田区神田多町２丁目８,2003年6月,2003,東京都,13_東京都,270,賃貸,京王プレッソイン,東京都/千代田区/神田多町/二丁目/８番地,139.76912,35.69498,5,7,45,637,1,94,1318,1,10,133,0,2018,5180000,中高層の店舗兼事務所の建ち並ぶ商業地域,淡路町,0,商業
2267,25,ホテルマイステイズ御茶ノ水コンファレンスセンター,東京都千代田区神田淡路町２丁目１０-６,2007年3月,2007,東京都,13_東京都,142,MC,ホテルマイステイズマネジメント,東京都/千代田区/神田淡路町/二丁目/１０番,139.76849,35.69724,5,7,49,637,1,93,1409,2,9,165,0,2018,5180000,中高層の店舗兼事務所の建ち並ぶ商業地域,淡路町,0,商業
2987,22,立川ワシントンホテル,東京都立川市柴崎町３丁目７-１６,2005年10月,2005,東京都,13_東京都,170,FC,WHG,東京都/立川市/柴崎町/三丁目/７番,139.41206,35.69643,5,7,87,1195,2,131,2016,2,43,637,0,2018,660000,中層の店舗併用住宅等が建ち並ぶ商業地域,立川,450,商業
152,122,アパホテル東日本橋駅前,東京都中央区東日本橋３丁目１２-１４,2014年4月,2014,東京都,13_東京都,219,所有直営,アパホテルズ＆リゾーツ,東京都/中央区/東日本橋/三丁目/１２番,139.78445,35.69284,5,7,44,604,0,73,1276,0,10,133,0,2018,1020000,中高層の小規模な営業所兼事務所が多い商業地域,浅草橋,280,商業
1260,32,コンフォートホテル東京東日本橋,東京都中央区日本橋馬喰町１丁目１０-１１,2008年2月,2008,東京都,13_東京都,259,FC,チョイスホテルズジャパン,東京都/中央区/日本橋馬喰町/一丁目/１０番,139.78291,35.6941,5,7,47,604,0,80,1276,0,8,133,0,2018,1020000,中高層の小規模な営業所兼事務所が多い商業地域,浅草橋,280,商業
1602,199,東横INN神田秋葉原,東京都中央区日本橋馬喰町２丁目２-４,2009年6月,2009,東京都,13_東京都,215,NA,東横INN,東京都/中央区/日本橋馬喰町/二丁目/２番,139.78319,35.69537,5,7,49,604,0,78,1276,0,14,133,0,2018,1020000,中高層の小規模な営業所兼事務所が多い商業地域,浅草橋,280,商業
2249,7,ホテルマイスデイズ浅草橋,東京都台東区浅草橋１丁目５-５,2009年12月,2009,東京都,13_東京都,139,MC,ホテルマイステイズマネジメント,東京都/台東区/浅草橋/一丁目/５番,139.78371,35.69698,5,7,49,604,0,79,1276,1,15,154,1,2018,1020000,中高層の小規模な営業所兼事務所が多い商業地域,浅草橋,280,商業
2655,67,ホテルリブマックス東京馬喰町,東京都中央区日本橋馬喰町１丁目７-２０,2017年3月,2017,東京都,13_東京都,63,賃貸,リブマックスホテルズ＆リゾーツ,東京都/中央区/日本橋馬喰町/一丁目/７番,139.78214,35.69351,5,7,47,604,0,80,1276,0,11,133,0,2018,1020000,中高層の小規模な営業所兼事務所が多い商業地域,浅草橋,280,商業
3020,22,R&Bホテル東日本橋,東京都中央区東日本橋２丁目１５-６,1998年4月,1998,東京都,13_東京都,203,賃貸,ワシントンホテルプラザチェーン　R＆Bホテルチェーン,東京都/中央区/東日本橋/二丁目/１５番,139.78548,35.69386,5,7,45,604,0,74,1276,0,14,133,0,2018,1020000,中高層の小規模な営業所兼事務所が多い商業地域,浅草橋,280,商業
11,7,イビス東京新宿,東京都新宿区西新宿７丁目１０-５,2011年11月,2011,東京都,13_東京都,206,MC,アコーホテルズ,東京都/新宿区/西新宿/七丁目/１０番,139.6981,35.69385,5,7,63,601,1,108,1441,3,24,195,0,2018,5700000,中高層の店舗、事務所ビルが建ち並ぶ商業地域,新宿,410,商業
1895,15,新宿プリンスホテル,東京都新宿区歌舞伎町１-３０-１,1977年3月,1977,東京都,13_東京都,571,賃貸,プリンスホテルズ＆リゾーツ,東京都/新宿区/歌舞伎町/一丁目/３０番,139.69972,35.69597,5,7,66,601,1,110,1400,2,27,195,0,2018,5700000,中高層の店舗、事務所ビルが建ち並ぶ商業地域,新宿,410,商業
2099,13,ホテルウィングインターナショナル新宿,東京都新宿区歌舞伎町１丁目２１-７,2010年11月,2010,東京都,13_東京都,134,賃貸,ホテルウィングインターナショナル,東京都/新宿区/歌舞伎町/一丁目/２１番,139.70117,35.69522,5,7,66,601,1,111,1473,2,27,195,0,2018,5700000,中高層の店舗、事務所ビルが建ち並ぶ商業地域,新宿,410,商業
2266,24,ホテルマイステイズ西新宿,東京都新宿区西新宿７丁目１４-１４,2011年9月,2011,東京都,13_東京都,102,MC,ホテルマイステイズマネジメント,東京都/新宿区/西新宿/七丁目/１４番,139.69693,35.69518,5,7,66,601,1,110,1451,2,27,194,0,2018,5700000,中高層の店舗、事務所ビルが建ち並ぶ商業地域,新宿,410,商業
1115,23,相鉄フレッサイン東京錦糸町,東京都墨田区江東橋２丁目１８-７,2017年12月,2017,東京都,13_東京都,281,賃貸,相鉄フレッサイン,東京都/墨田区/江東橋/二丁目/１８番,139.81149,35.69594,5,7,59,737,1,87,1327,1,15,154,0,2018,1610000,飲食店等が建ち並ぶアーケード街の商業地域,錦糸町,150,商業
2363,41,モクシー東京錦糸町,東京都墨田区江東橋3-4-2,2017年11月,2017,東京都,13_東京都,205,NA,マリオットインターナショナル,東京都/墨田区/江東橋/三丁目/４番,139.81345,35.69354,5,7,60,737,1,88,1327,1,16,154,0,2018,1610000,飲食店等が建ち並ぶアーケード街の商業地域,錦糸町,150,商業
1280,52,コンフォートホテル東京東神田,東京都千代田区東神田１丁目９-１０,2017年4月,2017,東京都,13_東京都,188,FC,チョイスホテルズジャパン,東京都/千代田区/東神田/一丁目/９番,139.77974,35.69458,5,7,50,604,0,83,1276,0,14,133,0,2018,825000,中高層事務所ビル、倉庫等が混在する商業地域,浅草橋,250,商業
2439,5,グリッズ秋葉原ホテル＋ホステル,東京都千代田区東神田２丁目８-１６,2015年4月,2015,東京都,13_東京都,133,MC,UDS,東京都/千代田区/東神田/二丁目/８番,139.78125,35.69656,5,7,52,604,0,83,1276,1,13,133,0,2018,825000,中高層事務所ビル、倉庫等が混在する商業地域,浅草橋,250,商業
157,127,アパホテル東新宿歌舞伎町,東京都新宿区歌舞伎町２丁目１９-１４,2014年4月,2014,東京都,13_東京都,165,所有直営,アパホテルズ＆リゾーツ,東京都/新宿区/歌舞伎町/二丁目/１９番,139.70451,35.69805,5,7,67,601,1,107,1451,2,33,195,0,2018,1170000,中層の飲食店ビル、ホテル等が建ち並ぶ商業地域,新宿,720,商業
166,136,アパホテル新宿歌舞伎町タワー,東京都新宿区歌舞伎町１丁目２０-２,2015年9月,2015,東京都,13_東京都,620,所有直営,アパホテルズ＆リゾーツ,東京都/新宿区/歌舞伎町/一丁目/２０番,139.70142,35.69585,5,7,66,601,1,110,1400,2,28,195,0,2018,1170000,中層の飲食店ビル、ホテル等が建ち並ぶ商業地域,新宿,720,商業
190,160,アパホテル東新宿歌舞伎町東,東京都新宿区歌舞伎町２丁目１７-７,2017年3月,2017,東京都,13_東京都,129,直営,アパホテルズ＆リゾーツ,東京都/新宿区/歌舞伎町/二丁目/１７番,139.70523,35.69786,5,7,67,601,1,107,1451,2,31,195,0,2018,1170000,中層の飲食店ビル、ホテル等が建ち並ぶ商業地域,新宿,720,商業
1026,106,スーパーホテル新宿歌舞伎町,東京都新宿区歌舞伎町２丁目３９番９号,2014年10月,2014,東京都,13_東京都,117,賃貸,スーパーホテル,東京都/新宿区/歌舞伎町/二丁目/３９番,139.70215,35.69691,5,7,65,601,1,109,1400,2,29,195,0,2018,1170000,中層の飲食店ビル、ホテル等が建ち並ぶ商業地域,新宿,720,商業
1472,69,東横INN新宿歌舞伎町,東京都新宿区歌舞伎町２丁目２０-１５,2004年1月,2004,東京都,13_東京都,351,NA,東横INN,東京都/新宿区/歌舞伎町/二丁目/２０番,139.70425,35.69719,5,7,67,601,1,109,1451,2,32,195,0,2018,1170000,中層の飲食店ビル、ホテル等が建ち並ぶ商業地域,新宿,720,商業
2125,15,ヴィラフォンテーヌ新宿,東京都新宿区歌舞伎町２丁目４０-９,2008年6月,2008,東京都,13_東京都,66,所有直営,ホテルヴィラフォンテーヌ,東京都/新宿区/歌舞伎町/二丁目/４０番,139.70221,35.69737,5,7,65,601,1,109,1400,2,29,195,0,2018,1170000,中層の飲食店ビル、ホテル等が建ち並ぶ商業地域,新宿,720,商業
2994,29,ホテルグレイスリー新宿,東京都新宿区歌舞伎町１丁目１９-１,2015年4月,2015,東京都,13_東京都,970,賃貸,WHG,東京都/新宿区/歌舞伎町/一丁目/１９番,139.702,35.69534,5,7,65,601,1,111,1473,2,26,195,0,2018,1170000,中層の飲食店ビル、ホテル等が建ち並ぶ商業地域,新宿,720,商業
278,9,ヴィアイン秋葉原,東京都千代田区神田須田町２丁目１９-４,2011年3月,2011,東京都,13_東京都,284,賃貸,ヴィアインホテルチェーン,東京都/千代田区/神田須田町/二丁目/１９番,139.77199,35.69657,5,7,48,637,1,91,1318,1,13,133,0,2018,4960000,中高層の店舗兼事務所ビルが建ち並ぶ商業地域,秋葉原,120,商業
579,62,ドーミーインPREMIUM神田,東京都千代田区神田須田町１丁目１６,2017年4月,2017,東京都,13_東京都,139,賃貸,共立メンテナンス,東京都/千代田区/神田須田町/一丁目/１６番,139.7706,35.69532,5,7,45,637,1,92,1318,1,10,133,0,2018,4960000,中高層の店舗兼事務所ビルが建ち並ぶ商業地域,秋葉原,120,商業
1729,8,レム秋葉原,東京都千代田区神田佐久間町１丁目６-５TX秋葉原阪急ビル,2008年4月,2008,東京都,13_東京都,260,直営,阪急阪神第一ホテルグループ,東京都/千代田区/神田佐久間町/一丁目/６番地,139.77335,35.69783,5,7,45,637,1,89,1409,2,10,133,0,2018,4960000,中高層の店舗兼事務所ビルが建ち並ぶ商業地域,秋葉原,120,商業
2991,26,秋葉原ワシントンホテル,東京都千代田区神田佐久間町１丁目８-３,2010年5月,2010,東京都,13_東京都,369,賃貸,WHG,東京都/千代田区/神田佐久間町/一丁目/８番地,139.77304,35.6973,5,7,45,637,1,89,1318,1,10,133,0,2018,4960000,中高層の店舗兼事務所ビルが建ち並ぶ商業地域,秋葉原,120,商業
2119,9,ヴィラフォンテーヌ神保町,東京都千代田区神田神保町１丁目３０,2002年1月,2002,東京都,13_東京都,72,所有直営,ホテルヴィラフォンテーヌ,東京都/千代田区/神田神保町/一丁目/３０番地,139.75854,35.69695,5,7,54,604,1,95,1318,1,16,133,0,2018,640000,小規模の店舗兼住宅等が多い細街路沿い商業地域,神保町,170,商業
125,95,アパホテル秋葉原駅前,東京都千代田区神田佐久間町２丁目１３-２０,2012年10月,2012,東京都,13_東京都,137,所有直営,アパホテルズ＆リゾーツ,東京都/千代田区/神田佐久間町/二丁目/１３番地,139.77643,35.69833,5,7,48,637,1,86,1276,1,13,133,0,2018,1300000,中高層の店舗、事務所ビルの多い商業地域,秋葉原,450,商業
944,24,スーパーホテル東京・亀戸,東京都江東区亀戸２丁目１３-６,2003年10月,2003,東京都,13_東京都,93,賃貸,スーパーホテル,東京都/江東区/亀戸/二丁目/１３番,139.82297,35.6989,5,7,62,758,1,94,1162,0,22,165,1,2018,1540000,中高層ビル、小売店舗が建ち並ぶ駅前の商業地域,亀戸,150,商業
726,3,京急EXイン浅草橋駅前,東京都台東区浅草橋１-２７-９,2010年4月,2010,東京都,13_東京都,179,MC,京急EXイン,東京都/台東区/浅草橋/一丁目/２７番,139.78491,35.69812,5,7,47,604,0,77,1276,1,19,154,1,2018,2160000,高層の店舗ビルが建ち並ぶ駅前の商業地域,浅草橋,0,商業
1634,231,東横INNアキバ浅草橋駅東口,東京都台東区柳橋２丁目１４-４,2012年1月,2012,東京都,13_東京都,239,NA,東横INN,東京都/台東区/柳橋/二丁目/１４番,139.78787,35.69943,5,7,48,604,0,78,1276,1,21,154,1,2018,585000,中層の事務所、マンション等が混在する商業地域,浅草橋,510,商業
1636,233,東横INN立川駅北口,東京都立川市曙町１丁目１３-１４,2012年4月,2012,東京都,13_東京都,185,NA,東横INN,東京都/立川市/曙町/一丁目/１３番,139.4091,35.69887,5,7,91,1195,2,135,2016,2,47,637,0,2018,590000,店舗、事務所ビル等が混在する商業地域,立川,490,商業
899,38,ホテルメッツ立川,東京都立川市柴崎町3-1-1,2008年10月,2008,東京都,13_東京都,129,賃貸,JR東日本ホテルズ,東京都/立川市/柴崎町/三丁目/１番,139.41368,35.69767,5,7,87,1195,2,131,2016,2,43,637,0,2018,5050000,中高層の店舗ビル等が建ち並ぶ駅前の商業地域,立川,160,商業
1720,3,パレスホテル立川,東京都立川市曙町２-４０-１５,1994年10月,1994,東京都,13_東京都,238,賃貸,パレスホテルグループ,東京都/立川市/曙町/二丁目/４０番,139.41318,35.70176,5,7,91,1195,2,135,2016,2,47,637,0,2018,5050000,中高層の店舗ビル等が建ち並ぶ駅前の商業地域,立川,160,商業
720,8,京王プレッソイン九段下,東京都千代田区九段北１丁目７-１,2009年7月,2009,東京都,13_東京都,126,賃貸,京王プレッソイン,東京都/千代田区/九段北/一丁目/７番,139.75183,35.69705,5,7,56,717,1,90,1461,1,18,165,1,2018,1100000,中層の事務所ビルが建ち並ぶ商業地域,水道橋,290,商業
1718,1,ホテルグランドパレス,東京都千代田区飯田橋１丁目１-１,1972年2月,1972,東京都,13_東京都,464,直営,パレスホテルグループ,東京都/千代田区/飯田橋/一丁目/１番,139.75021,35.69739,5,7,57,717,1,91,1461,1,19,165,1,2018,1100000,中層の事務所ビルが建ち並ぶ商業地域,水道橋,290,商業
2123,13,ヴィラフォンテーヌ九段下,東京都千代田区西神田２丁目４-４,2006年5月,2006,東京都,13_東京都,144,所有直営,ホテルヴィラフォンテーヌ,東京都/千代田区/西神田/二丁目/４番,139.75455,35.69807,5,7,56,604,1,94,1461,1,16,165,1,2018,1100000,中層の事務所ビルが建ち並ぶ商業地域,水道橋,290,商業
980,60,スーパーホテル東京・JR立川北口,東京都立川市曙町２丁目21番9号,2007年12月,2007,東京都,13_東京都,96,賃貸,スーパーホテル,東京都/立川市/曙町/二丁目/２１番,139.41714,35.69942,5,7,89,1195,2,133,2016,2,45,637,0,2018,740000,店舗、事務所ビル、ホテル等の建ち並ぶ商業地域,立川,400,商業
2037,56,立川グランドホテル,東京都立川市曙町２丁目１４-１６,2017年4月,2017,東京都,13_東京都,118,賃貸,ホスピタリティパートナーズグループ,東京都/立川市/曙町/二丁目/１４番,139.41544,35.69941,5,7,88,1195,2,132,2016,2,44,637,0,2018,740000,店舗、事務所ビル、ホテル等の建ち並ぶ商業地域,立川,400,商業
1327,10,東急ステイ水道橋,東京都千代田区神田三崎町１丁目１-１２,2007年6月,2007,東京都,13_東京都,156,賃貸,東急ステイ,東京都/千代田区/神田三崎町/一丁目/１番,139.75665,35.7007,5,7,56,648,2,93,1409,2,13,154,1,2018,1390000,中高層事務所ビルのほか学校も見られる商業地域,水道橋,420,商業
873,12,ホテルメッツ国分寺,東京都国分寺市南町３丁目２０-３,1996年5月,1996,東京都,13_東京都,75,賃貸,JR東日本ホテルズ,東京都/国分寺市/南町/三丁目/２０番,139.47997,35.69989,5,7,80,1033,2,130,1854,2,35,550,0,2018,1430000,中層の店舗ビル等が建ち並ぶ駅に近い商業地域,国分寺,130,商業
117,87,アパホテル東京九段下,東京都千代田区飯田橋１丁目４-７,2011年12月,2011,東京都,13_東京都,139,所有直営,アパホテルズ＆リゾーツ,東京都/千代田区/飯田橋/一丁目/４番,139.74962,35.69823,5,7,58,717,1,92,1461,1,20,165,1,2018,1420000,一般住宅、共同住宅、事務所等が混在する地域,飯田橋,340,1住居
2771,102,ホテルルートイン東京阿佐ヶ谷,東京都杉並区成田東５丁目３５-１４,2005年11月,2005,東京都,13_東京都,224,賃貸,ルートインホテルズ,東京都/杉並区/成田東/五丁目/３５番,139.63303,35.70013,5,7,75,709,2,117,1578,3,36,237,0,2018,571000,中小規模一般住宅、アパート等が多い住宅地域,南阿佐ケ谷,470,1低専
130,100,アパホテル東新宿駅前,東京都新宿区大久保１丁目１-４８,2012年11月,2012,東京都,13_東京都,122,所有直営,アパホテルズ＆リゾーツ,東京都/新宿区/大久保/一丁目/１番,139.70615,35.69895,5,7,69,601,1,104,1451,2,33,195,0,2018,511000,一般住宅、アパート等が混在する住宅地域,新大久保,400,1住居
585,68,global cabin東京水道橋,東京都文京区後楽１丁目２-８,2017年12月,2017,東京都,13_東京都,88,賃貸,共立メンテナンス,東京都/文京区/後楽/一丁目/２番,139.75119,35.70285,5,7,56,648,2,93,1409,2,13,154,1,2018,3340000,高層の事務所ビル、ホテル等が建ち並ぶ商業地域,水道橋,200,商業
866,5,ホテルメトロポリタンエドモント,東京都千代田区飯田橋３丁目１０-８,1985年6月,1985,東京都,13_東京都,665,賃貸,JR東日本ホテルズ,東京都/千代田区/飯田橋/三丁目/１０番,139.74985,35.70069,5,7,58,648,2,96,1461,1,16,154,1,2018,3340000,高層の事務所ビル、ホテル等が建ち並ぶ商業地域,水道橋,200,商業
822,41,ホテルサンルート東新宿,東京都新宿区新宿７丁目２７-９,2007年4月,2007,東京都,13_東京都,311,MC,サンルートホテルチェーン,東京都/新宿区/新宿/七丁目/２７番,139.70808,35.69921,5,7,69,601,1,107,1451,2,33,195,0,2018,2110000,高層事務所、店舗兼共同住宅が建ち並ぶ商業地域,東新宿,200,商業
1386,27,吉祥寺東急REIホテル,東京都武蔵野市吉祥寺南町１丁目６-３,1982年11月,1982,東京都,13_東京都,234,賃貸,東急ホテルズ,東京都/武蔵野市/吉祥寺南町/一丁目/６番,139.58031,35.7015,5,7,76,795,2,117,1664,3,30,388,0,2018,894000,中規模以上の一般住宅が多く環境の良い住宅地域,吉祥寺,280,1低専
187,157,アパホテル飯田橋駅前,東京都千代田区飯田橋３丁目４-６,2017年2月,2017,東京都,13_東京都,163,直営,アパホテルズ＆リゾーツ,東京都/千代田区/飯田橋/三丁目/４番,139.74782,35.70088,5,7,57,648,2,95,1461,1,15,154,1,2018,3770000,中高層の店舗、事務所ビルが集まる商業地域,飯田橋,120,商業
199,169,アパホテル飯田橋駅南,東京都千代田区飯田橋３丁目１-４,2017年10月,2017,東京都,13_東京都,107,直営,アパホテルズ＆リゾーツ,東京都/千代田区/飯田橋/三丁目/１番,139.74821,35.70044,5,7,57,648,2,95,1461,1,15,154,1,2018,3770000,中高層の店舗、事務所ビルが集まる商業地域,飯田橋,120,商業
181,151,アパホテル御茶ノ水駅北,東京都文京区湯島３丁目１-６,2016年11月,2016,東京都,13_東京都,187,直営,アパホテルズ＆リゾーツ,東京都/文京区/湯島/三丁目/１番,139.76733,35.70308,5,7,54,802,2,91,1431,1,13,133,0,2018,956000,中低層の店舗、事務所ビル等が建ち並ぶ商業地域,末広町,300,商業
197,167,アパホテル秋葉原駅電気街口,東京都千代田区外神田３丁目１１-４,2017年8月,2017,東京都,13_東京都,117,FC,アパホテルズ＆リゾーツ,東京都/千代田区/外神田/三丁目/１１番,139.77063,35.70037,5,7,49,637,1,90,1431,1,14,133,0,2018,956000,中低層の店舗、事務所ビル等が建ち並ぶ商業地域,末広町,300,商業
1037,117,スーパーホテル東京・錦糸町駅前,東京都墨田区錦糸１丁目４-１２,2016年12月,2016,東京都,13_東京都,113,FC,スーパーホテル,東京都/墨田区/錦糸/一丁目/４番,139.81134,35.69786,5,7,59,737,1,85,1327,1,15,154,0,2018,740000,店舗、事務所、マンションが建ち並ぶ商業地域,錦糸町,200,商業
162,132,アパホテル浅草橋駅北,東京都台東区浅草橋３丁目１-１０,2015年6月,2015,東京都,13_東京都,161,所有直営,アパホテルズ＆リゾーツ,東京都/台東区/浅草橋/三丁目/１番,139.78777,35.70013,5,7,49,604,0,79,1276,1,21,154,1,2018,842000,中高層の事務所、共同住宅等が建ち並ぶ商業地域,蔵前,320,商業
2308,66,MyCube by MYSTAYS 浅草蔵前,東京都台東区蔵前２丁目６-７,2016年6月,2016,東京都,13_東京都,34,賃貸,ホテルマイステイズマネジメント,東京都/台東区/蔵前/二丁目/６番,139.79175,35.70364,5,7,52,604,0,76,1276,1,28,307,1,2018,1070000,中高層の店舗、事務所ビルの建ち並ぶ商業地域,蔵前,0,商業
543,26,ドーミーイン秋葉原,東京都千代田区外神田４丁目１２-５,2005年9月,2005,東京都,13_東京都,105,賃貸,共立メンテナンス,東京都/千代田区/外神田/四丁目/１２番,139.7733,35.70253,5,7,50,637,1,88,1431,1,15,133,0,2018,941000,中高層の事務所ビル、店舗等が混在する商業地域,末広町,140,商業
1030,110,スーパーホテル秋葉原・末広町,東京都台東区上野３丁目２-５,2015年4月,2015,東京都,13_東京都,106,賃貸,スーパーホテル,東京都/台東区/上野/三丁目/２番,139.77324,35.70326,5,7,51,802,2,88,1431,1,14,133,0,2018,941000,中高層の事務所ビル、店舗等が混在する商業地域,末広町,140,商業
731,8,京急EXイン秋葉原,東京都台東区秋葉原２-１,2016年3月,2016,東京都,13_東京都,146,MC,京急EXイン,東京都/台東区/秋葉原/２番,139.77477,35.70182,5,7,50,637,1,91,1431,1,15,133,0,2018,865000,中層の店舗兼事務所ビル等が建ち並ぶ商業地域,御徒町,390,商業
2294,52,フレッタステイイン飯田橋,東京都新宿区新小川町３-２６,1991年8月,1991,東京都,13_東京都,59,賃貸,ホテルマイステイズマネジメント,東京都/新宿区/新小川町/３番,139.74223,35.70514,5,7,60,648,2,98,1430,2,18,154,1,2018,1180000,店舗兼マンション、事務所等が見られる商業地域,飯田橋,370,商業
871,10,ホテルメッツ武蔵境,東京都武蔵野市境南町2-1-8,1994年7月,1994,東京都,13_東京都,95,賃貸,JR東日本ホテルズ,東京都/武蔵野市/境南町/二丁目/１番,139.54427,35.70198,5,7,80,947,3,127,1740,3,36,464,1,2018,1440000,中層の店舗、金融機関等が集まる駅前の商業地域,武蔵境,0,商業
2001,20,スマイルホテル東京阿佐ヶ谷,東京都杉並区阿佐谷南３丁目３７-１１,2010年8月,2010,東京都,13_東京都,112,賃貸,ホスピタリティパートナーズグループ,東京都/杉並区/阿佐谷南/三丁目/３７番,139.63477,35.70434,5,7,68,709,2,110,1578,3,33,435,1,2018,1490000,中高層商業ビルが建ち並ぶ駅前の商業地域,阿佐ケ谷,0,商業
2115,5,ヴィラフォンテーヌ上野御徒町,東京都台東区小島２丁目４-４,2000年7月,2000,東京都,13_東京都,186,所有直営,ホテルヴィラフォンテーヌ,東京都/台東区/小島/二丁目/４番,139.78191,35.70539,5,7,53,648,1,88,1431,1,18,133,0,2018,651000,中高層の営業所ビル、事務所等が多い商業地域,新御徒町,310,商業
897,36,ホテルメッツ高円寺,東京都杉並区高円寺北2-5-1,2007年3月,2007,東京都,13_東京都,110,賃貸,JR東日本ホテルズ,東京都/杉並区/高円寺北/二丁目/５番,139.65021,35.70555,5,7,68,709,2,109,1578,3,29,302,1,2018,953000,中高層商業ビル、マンションが多い駅前商業地域,高円寺,190,商業
233,12,ザ・ビ一水道橋,東京都文京区本郷１丁目２５-２７,2015年7月,2015,東京都,13_東京都,99,賃貸,イシンホテルズグループ,東京都/文京区/本郷/一丁目/２５番,139.75629,35.70532,5,7,54,604,1,96,1409,2,16,165,0,2018,1460000,高層のマンション等が建ち並ぶ共同住宅地域,水道橋,350,近商
2094,8,ホテルウィンダインタ一ナショナル後楽園,東京都文京区本郷１-２５-１１,2004年5月,2004,東京都,13_東京都,114,所有直営,ホテルウィングインターナショナル,東京都/文京区/本郷/一丁目/２５番,139.75629,35.70532,5,7,55,604,1,97,1409,2,17,165,0,2018,1460000,高層のマンション等が建ち並ぶ共同住宅地域,水道橋,350,近商
2585,34,リッチモンドホテル東京水道橋,東京都文京区本郷1-33-9,2014年8月,2014,東京都,13_東京都,196,賃貸,リッチモンドホテルズ,東京都/文京区/本郷/一丁目/３３番,139.75481,35.70633,5,7,54,604,1,96,1409,2,17,165,0,2018,1460000,高層のマンション等が建ち並ぶ共同住宅地域,水道橋,350,近商
2596,8,ホテルリブマックス東上野,東京都台東区元浅草３丁目５-１,2010年2月,2010,東京都,13_東京都,36,賃貸,リブマックスホテルズ＆リゾーツ,東京都/台東区/元浅草/三丁目/５番,139.7856,35.70689,5,7,57,604,0,87,1431,1,22,133,0,2018,935000,中高層事務所、マンション等が建ち並ぶ商業地域,新御徒町,360,商業
114,84,アパホテル浅草蔵前,東京都台東区駒形２丁目４-６,2011年8月,2011,東京都,13_東京都,301,所有直営,アパホテルズ＆リゾーツ,東京都/台東区/駒形/二丁目/４番,139.79443,35.70589,5,7,51,604,0,75,1276,0,29,298,1,2018,510000,中規模の事務所、店舗等が多い既成商業地域,蔵前,200,商業
1414,11,東横INN浅草蔵前雷門,東京都台東区駒形１丁目３-１３,1996年4月,1996,東京都,13_東京都,105,NA,東横INN,東京都/台東区/駒形/一丁目/３番,139.79391,35.70613,5,7,51,604,0,75,1276,0,28,298,1,2018,510000,中規模の事務所、店舗等が多い既成商業地域,蔵前,200,商業
1402,1,東京ドームホテル,東京都文京区後楽１丁目３-６１,2000年6月,2000,東京都,13_東京都,1006,直営,東京ドームホテルズ,東京都/文京区/後楽/一丁目/３番,139.75171,35.70528,5,7,56,604,1,95,1409,2,16,165,0,2018,2610000,高層の事務所ビル等の建ち並ぶ商業地域,水道橋,400,商業
2383,19,日中友好金館後樂賓館,東京都文京区後楽1-5-3後楽賓館,1997年4月,1997,東京都,13_東京都,151,MC,三井ガーデンホテルズ,東京都/文京区/後楽/一丁目/５番,139.74792,35.70402,5,7,59,648,2,97,1430,2,20,165,0,2018,2610000,高層の事務所ビル等の建ち並ぶ商業地域,水道橋,400,商業
1001,81,スーパ一ホテル上野・御徒町,東京都台東区上野5丁目23-12,2010年4月,2010,東京都,13_東京都,101,賃貸,スーパーホテル,東京都/台東区/上野/五丁目/２３番,139.77577,35.70625,5,7,46,648,1,85,1235,1,11,133,0,2018,3150000,中高層の店舗、事務所ビルが建ち並ぶ商業地域,仲御徒町,0,商業
1736,15,吉祥寺第ーホテル,東京都武蔵野市吉祥寺本町２丁目４-１４,1987年5月,1987,東京都,13_東京都,81,直営,阪急阪神第一ホテルグループ,東京都/武蔵野市/吉祥寺本町/二丁目/４番,139.5784,35.70591,5,7,82,795,2,123,1664,3,36,388,0,2018,1740000,中高層の店舗、事務所等が多く建ち並ぶ商業地域,吉祥寺,550,商業
1077,3,センチュリオンホテル上野,東京都台東区上野２丁目３-４,2014年2月,2014,東京都,13_東京都,73,直営,CENTURION HOTELS,東京都/台東区/上野/二丁目/３番,139.7718,35.70848,5,7,52,802,2,81,1235,1,14,133,0,2018,3380000,中高層の店舗ビル等が建ち並ぶ繁華な商業地域,上野広小路,100,商業
1092,18,センチュリオンホテルヴィンテージ上野,東京都台東区上野２丁目３-４,2017年3月,2017,東京都,13_東京都,45,賃貸直営,CENTURION HOTELS,東京都/台東区/上野/二丁目/３番,139.7718,35.70848,5,7,52,802,2,81,1235,1,14,133,0,2018,3380000,中高層の店舗ビル等が建ち並ぶ繁華な商業地域,上野広小路,100,商業
1113,21,相鉄フレッサイン上野御徒町,東京都台東区上野１丁目２０-８,2017年11月,2017,東京都,13_東京都,155,賃貸,相鉄フレッサイン,東京都/台東区/上野/一丁目/２０番,139.77267,35.70762,5,7,52,802,2,80,1235,1,12,133,0,2018,3380000,中高層の店舗ビル等が建ち並ぶ繁華な商業地域,上野広小路,100,商業
3033,35,R&Bホテル上野広小路,東京都台東区上野１丁目１８-８,2002年5月,2002,東京都,13_東京都,187,賃貸,ワシントンホテルプラザチェーン　R＆Bホテルチェーン,東京都/台東区/上野/一丁目/１８番,139.77193,35.70684,5,7,47,648,1,82,1235,1,12,133,0,2018,3380000,中高層の店舗ビル等が建ち並ぶ繁華な商業地域,上野広小路,100,商業
438,10,ハンドレッドステイ東京新宿,東京都新宿区百人町２丁目２７-７,2010年7月,2010,東京都,13_東京都,102,賃貸,オリックス不動産,東京都/新宿区/百人町/二丁目/２７番,139.69569,35.70244,5,7,63,601,1,107,1400,2,30,216,1,2018,940000,店舗、事務所、共同住宅等が混在する商業地域,大久保,270,近商
1084,10,センチュリオンレディースホステル上野公園,東京都台東区上野２丁目１１-１３,2016年11月,2016,東京都,13_東京都,139,直営,CENTURION HOTELS,東京都/台東区/上野/二丁目/１１番,139.7706,35.7092,5,7,55,802,2,81,1235,1,17,133,0,2018,1790000,中高層の店舗ビルの多い繁華な商業地域,上野,690,商業
172,142,アパホテル京成上野駅前,東京都台東区上野２丁目１４-２６,2016年3月,2016,東京都,13_東京都,292,直営,アパホテルズ＆リゾーツ,東京都/台東区/上野/二丁目/１４番,139.77296,35.71129,5,7,53,648,1,77,1235,1,16,133,0,2018,1820000,飲食店、ホテル、事務所ビルの混在する商業地域,上野,620,商業
1475,72,東横INN後楽園文京区役所前,東京都文京区小石川２丁目２-１１,2004年2月,2004,東京都,13_東京都,165,NA,東横INN,東京都/文京区/小石川/二丁目/２番,139.7515,35.70966,5,7,59,604,1,98,1409,2,21,165,0,2018,2060000,中高層の店舗、事務所ビルが多い商業地域,春日,0,商業
19,4,アゴーラ・プレイス浅草,東京都台東区寿２-２-９,2012年7月,2012,東京都,13_東京都,145,所有直営,アゴーラ・ホテルアライアンス,東京都/台東区/寿/二丁目/２番,139.79077,35.70896,5,7,55,655,0,77,1276,0,22,298,1,2018,634000,中層事務所、高層マンションが混在する商業地域,田原町,250,商業
1619,216,東横INN上野田原町駅,東京都台東区寿３-１９-５,2010年7月,2010,東京都,13_東京都,138,NA,東横INN,東京都/台東区/寿/三丁目/１９番,139.79135,35.7079,5,7,53,604,0,77,1276,0,24,298,1,2018,634000,中層事務所、高層マンションが混在する商業地域,田原町,250,商業
2189,17,ホテル法華クラブ浅草,東京都台東区駒形１丁目４-１７,2015年5月,2015,東京都,13_東京都,186,直営,ホテル法華クラブグループ,東京都/台東区/駒形/一丁目/４番,139.79451,35.707,5,7,52,655,0,74,1276,0,28,298,1,2018,634000,中層事務所、高層マンションが混在する商業地域,田原町,250,商業
198,168,アパホテル浅草雷門,東京都台東区雷門２丁目１４-１,2017年10月,2017,東京都,13_東京都,126,直営,アパホテルズ＆リゾーツ,東京都/台東区/雷門/二丁目/１４番,139.79515,35.71024,5,7,52,655,0,74,1276,0,25,298,1,2018,820000,中高層の事務所、低層の店舗等が多い商業地域,浅草,280,商業
2107,21,ホテルウィングインターナショナルセレクト浅草駒形,東京都台東区駒形２丁目７-５,2016年12月,2016,東京都,13_東京都,69,賃貸,ホテルウィングインターナショナル,東京都/台東区/駒形/二丁目/７番,139.79601,35.70829,5,7,50,655,0,72,1276,0,26,298,1,2018,820000,中高層の事務所、低層の店舗等が多い商業地域,浅草,280,商業
2248,6,ホテルマイステイズ浅草,東京都墨田区本所１丁目２１-１１,1990年6月,1990,東京都,13_東京都,160,賃貸,ホテルマイステイズマネジメント,東京都/墨田区/本所/一丁目/２１番,139.79729,35.70389,5,7,57,655,0,79,1276,0,32,307,1,2018,480000,中層の事務所、共同住宅等が混在する商業地域,浅草,570,近商
2640,52,ホテルリブマックス浅草スカイフロント,東京都墨田区業平１丁目１０-４,2016年3月,2016,東京都,13_東京都,43,賃貸,リブマックスホテルズ＆リゾーツ,東京都/墨田区/業平/一丁目/１０番,139.8107,35.7086,5,7,56,655,0,74,1162,0,32,328,2,2018,605000,中高層の店舗兼共同住宅が多い川沿いの商業地域,押上,160,商業
165,135,アパホテル御徒町駅北S,東京都台東区上野６丁目７-１９,2015年9月,2015,東京都,13_東京都,72,FC,アパホテルズ＆リゾーツ,東京都/台東区/上野/六丁目/７番,139.77608,35.7095,5,7,48,648,1,81,1235,1,13,133,0,2018,2300000,中層の店舗、雑居ビルが建ち並ぶ繁華な商業地域,御徒町,230,商業
545,28,ドーミーイン上野・御徒町,東京都台東区上野6丁目7番22号,2015年5月,2015,東京都,13_東京都,106,賃貸,共立メンテナンス,東京都/台東区/上野/六丁目/７番,139.77608,35.7095,5,7,48,648,1,82,1235,1,13,133,0,2018,2300000,中層の店舗、雑居ビルが建ち並ぶ繁華な商業地域,御徒町,230,商業
1087,13,センチュリオンホテル＆スパ上野駅前,東京都台東区上野６丁目８-１６,2017年7月,2017,東京都,13_東京都,93,賃貸直営,CENTURION HOTELS,東京都/台東区/上野/六丁目/８番,139.77568,35.70955,5,7,53,648,1,80,1235,1,14,133,0,2018,2300000,中層の店舗、雑居ビルが建ち並ぶ繁華な商業地域,御徒町,230,商業
2553,2,リッチモンドホテル東京武蔵野,東京都武蔵野市中町２-４-１,1996年4月,1996,東京都,13_東京都,145,賃貸,リッチモンドホテルズ,東京都/武蔵野市/中町/二丁目/４番,139.56219,35.70683,5,7,84,795,2,125,1664,3,38,388,0,2018,620000,中層の店舗付マンションの多い近隣商業地域,三鷹,800,近商
2586,35,リッチモンドホテルプレミア東京押上,東京都墨田区押上１丁目１０-３,2015年12月,2015,東京都,13_東京都,260,賃貸,リッチモンドホテルズ,東京都/墨田区/押上/一丁目/１０番,139.81364,35.71037,5,7,54,655,0,69,1162,0,25,319,1,2018,847000,店舗、事務所等が建ち並ぶ駅近くの商業地域,押上,170,商業
2595,7,ホテルリブマックス後楽園,東京都文京区小石川３丁目１-２,2010年1月,2010,東京都,13_東京都,50,所有直営,リブマックスホテルズ＆リゾーツ,東京都/文京区/小石川/三丁目/１番,139.74577,35.71108,5,7,66,604,1,104,1409,2,24,165,0,2018,1330000,中高層店舗、事務所、マンションのある商業地域,後楽園,750,商業
813,32,ホテルサンルート浅草,東京都台東区雷門１丁目８-５,1998年2月,1998,東京都,13_東京都,120,FC,サンルートホテルチェーン,東京都/台東区/雷門/一丁目/８番,139.79213,35.71064,5,7,57,802,2,79,1276,0,21,298,1,2018,993000,事務所ビル、店舗付マンションが多い商業地域,田原町,200,商業
2374,10,三井ガーデンホテル上野,東京都台東区東上野３丁目１９-７,2010年9月,2010,東京都,13_東京都,245,賃貸,三井ガーデンホテルズ,東京都/台東区/東上野/三丁目/１９番,139.77802,35.71166,5,7,51,648,1,83,1235,1,13,154,0,2018,820000,中高層の店舗、事務所ビルの多い商業地域,上野,360,商業
196,166,アパホテル浅草田原町駅前,東京都台東区西浅草１丁目２-３,2017年8月,2017,東京都,13_東京都,465,直営,アパホテルズ＆リゾーツ,東京都/台東区/西浅草/一丁目/２番,139.79022,35.71036,5,7,56,655,0,78,1276,0,22,298,1,2018,1090000,中高層の店舗、マンション等が建ち並ぶ商業地域,つくばエクスプレス浅草,160,商業
2441,7,BUNKA HOSTEL TOKYO,東京都台東区浅草１-１３-５,2015年12月,2015,東京都,13_東京都,128,MC,UDS,東京都/台東区/浅草/一丁目/１３番,139.79329,35.71195,5,7,57,655,0,79,1276,0,24,298,1,2018,1090000,中高層の店舗、マンション等が建ち並ぶ商業地域,つくばエクスプレス浅草,160,商業
2443,2,ユニゾイン浅草,東京都台東区浅草１丁目９-２,1992年7月,1992,東京都,13_東京都,121,直営,ホテルユ二ゾグループ,東京都/台東区/浅草/一丁目/９番,139.79283,35.71156,5,7,57,655,0,79,1276,0,23,298,1,2018,1090000,中高層の店舗、マンション等が建ち並ぶ商業地域,つくばエクスプレス浅草,160,商業
2479,10,リーガロイヤルホテル東京,東京都新宿区戸塚町１丁目１０４-１９,1994年5月,1994,東京都,13_東京都,126,賃貸,リーガロイヤルホテルグループ,東京都/新宿区/戸塚町/一丁目/１０４番地,139.72224,35.71008,5,7,74,747,1,108,1461,1,35,165,1,2018,465000,住宅、アパート、作業所等が混在する住宅地域,護国寺,1300,1住居
819,38,ホテルサンルート高田馬場,東京都新宿区高田馬場１丁目２７-７,2005年7月,2005,東京都,13_東京都,197,MC,サンルートホテルチェーン,東京都/新宿区/高田馬場/一丁目/２７番,139.70497,35.71247,5,7,61,601,1,101,1473,1,28,195,1,2018,3270000,中高層の商業ビルの建ち並ぶ駅前商業地域,高田馬場,100,商業
2307,65,マンスリーレジステイズ高田馬場,東京都新宿区高田馬場3-18-3,1989年7月,1989,東京都,13_東京都,185,賃貸,ホテルマイステイズマネジメント,東京都/新宿区/高田馬場/三丁目/１８番,139.69785,35.71444,5,7,67,601,1,107,1400,2,34,194,1,2018,1180000,中高層店舗併用住宅、事務所が建ち並ぶ商業地域,高田馬場,500,商業
2276,34,ホテルマイステイズ上野イースト,東京都台東区東上野５丁目５-６,2016年3月,2016,東京都,13_東京都,150,賃貸,ホテルマイステイズマネジメント,東京都/台東区/東上野/五丁目/５番,139.78238,35.71265,5,7,56,648,1,82,1431,1,20,298,1,2018,664000,店舗、事務所、寺院等が混在する商業地域,稲荷町,450,商業
2277,35,ホテルマイステイズ上野稲荷町,東京都台東区松が谷１丁目５-７,1987年3月,1987,東京都,13_東京都,72,賃貸,ホテルマイステイズマネジメント,東京都/台東区/松が谷/一丁目/５番,139.78552,35.71175,5,7,57,802,2,83,1431,1,21,298,1,2018,664000,店舗、事務所、寺院等が混在する商業地域,稲荷町,450,商業
2278,36,フレックステイイン上野入谷口,東京都台東区東上野５丁目５-１３,1985年12月,1985,東京都,13_東京都,97,賃貸,ホテルマイステイズマネジメント,東京都/台東区/東上野/五丁目/５番,139.78238,35.71265,5,7,57,648,1,82,1431,1,21,298,1,2018,664000,店舗、事務所、寺院等が混在する商業地域,稲荷町,450,商業
834,53,フォーレスト本郷,東京都文京区本郷６丁目１６-４,2000年1月,2000,東京都,13_東京都,63,MC,サンルートホテルチェーン,東京都/文京区/本郷/六丁目/１６番,139.75845,35.71318,5,7,65,604,1,101,1327,2,21,165,0,2018,1010000,中規模一般住宅が多い高台の住宅地域,春日,400,1低専
540,23,ドーミーインEXPRESS浅草,東京都台東区花川戸１丁目３-４,1997年4月,1997,東京都,13_東京都,77,賃貸,共立メンテナンス,東京都/台東区/花川戸/一丁目/３番,139.79895,35.71196,5,7,54,655,0,76,1276,0,24,298,1,2018,2770000,中高層の店舗ビル等が建ち並ぶ繁華な商業地域,浅草,0,商業
1780,1,浅草ビューホテル,東京都台東区西浅草３丁目１７-１,1985年9月,1985,東京都,13_東京都,326,所有直営,ビューホテルズ＆リゾーツ,東京都/台東区/西浅草/三丁目/１７番,139.79196,35.71545,5,7,63,655,0,85,1276,0,25,339,1,2018,633000,小売店舗等が建ち並ぶアーケード街の商業地域,つくばエクスプレス浅草,280,商業
2138,7,ホテル京阪浅草,東京都台東区浅草２丁目１２-４,2009年11月,2009,東京都,13_東京都,178,所有直営,ホテル京阪チェーン,東京都/台東区/浅草/二丁目/１２番,139.79277,35.7149,5,7,61,655,0,83,1276,0,25,339,1,2018,633000,小売店舗等が建ち並ぶアーケード街の商業地域,つくばエクスプレス浅草,280,商業
2583,32,リッチモンドホテル浅草,東京都台東区浅草２-７-１０,2012年3月,2012,東京都,13_東京都,140,賃貸,リッチモンドホテルズ,東京都/台東区/浅草/二丁目/７番,139.79411,35.71511,5,7,59,655,0,81,1276,0,26,339,1,2018,633000,小売店舗等が建ち並ぶアーケード街の商業地域,つくばエクスプレス浅草,280,商業
2587,36,リッチモンドホテルプレミア浅草,東京都台東区浅草２丁目６-７,2015年12月,2015,東京都,13_東京都,270,賃貸,リッチモンドホテルズ,東京都/台東区/浅草/二丁目/６番,139.79369,35.71416,5,7,59,655,0,81,1276,0,25,339,1,2018,633000,小売店舗等が建ち並ぶアーケード街の商業地域,つくばエクスプレス浅草,280,商業
170,140,アパホテル上野駅前,東京都台東区上野７丁目１２-１１,2016年1月,2016,東京都,13_東京都,181,所有直営,アパホテルズ＆リゾーツ,東京都/台東区/上野/七丁目/１２番,139.78033,35.71589,5,7,55,648,1,88,1431,1,17,154,0,2018,1580000,中高層店舗事務所ビル等が建ち並ぶ商業地域,上野,320,商業
827,46,ホテルサンルート“ステラ”上野,東京都台東区上野７丁目７-１,2011年3月,2011,東京都,13_東京都,95,FC,サンルートホテルチェーン,東京都/台東区/上野/七丁目/７番,139.77829,35.7138,5,7,52,648,1,83,1235,1,14,154,0,2018,1580000,中高層店舗事務所ビル等が建ち並ぶ商業地域,上野,320,商業
964,44,スーパーホテルJR上野入谷口,東京都台東区上野７丁目９-１４,2006年4月,2006,東京都,13_東京都,69,賃貸,スーパーホテル,東京都/台東区/上野/七丁目/９番,139.77974,35.71518,5,7,55,648,1,87,1431,1,17,154,0,2018,1580000,中高層店舗事務所ビル等が建ち並ぶ商業地域,上野,320,商業
285,16,ヴィアイン浅草,東京都台東区浅草２-３３-７,2014年6月,2014,東京都,13_東京都,190,FC,ヴィアインホテルチェーン,東京都/台東区/浅草/二丁目/３３番,139.79817,35.71511,5,7,59,655,0,81,1276,0,30,298,1,2018,849000,中高層の店舗、マンション等が建ち並ぶ商業地域,浅草,300,商業
1008,88,スーパーホテル浅草,東京都台東区浅草２丁目３３-１,2011年11月,2011,東京都,13_東京都,112,賃貸,スーパーホテル,東京都/台東区/浅草/二丁目/３３番,139.79817,35.71511,5,7,58,655,0,80,1276,0,30,298,1,2018,849000,中高層の店舗、マンション等が建ち並ぶ商業地域,浅草,300,商業
1411,8,東横MN浅草千東つくばエクスプレス,東京都台東区千束１丁目１５-１,1992年10月,1992,東京都,13_東京都,184,NA,東横INN,東京都/台東区/千束/一丁目/１５番,139.7924,35.71855,5,7,66,655,0,88,1276,0,29,339,1,2018,701000,中高層の事務所ビル、マンションが多い商業地域,つくばエクスプレス浅草,540,商業
1011,91,スーパーホテル東京・JR新小岩,東京都葛飾区新小岩１丁目３１-５,2013年4月,2013,東京都,13_東京都,110,賃貸,スーパーホテル,東京都/葛飾区/新小岩/一丁目/３１番,139.85851,35.7154,5,7,64,769,1,88,1317,2,18,165,0,2018,1370000,中規模の小売店舗が建ち並ぶ駅前の商業地域,新小岩,100,商業
2434,3,サイプレスイン東京,東京都葛飾区西新小岩１丁目２-５,2009年12月,2009,東京都,13_東京都,68,直営,ユーアンドアールホテルマネジメント,東京都/葛飾区/西新小岩/一丁目/２番,139.85739,35.71735,5,7,63,769,1,87,1317,2,17,165,0,2018,550000,小売店舗、飲食店等が多い駅に近い商業地域,新小岩,140,商業
705,1,HOTEL GRAPHY nezu,東京都台東区池之端４丁目５-１０,2013年3月,2013,東京都,13_東京都,60,直営,グローバルエージェンツ,東京都/台東区/池之端/四丁目/５番,139.76865,35.71705,5,7,63,648,1,87,1235,1,25,165,0,2018,688000,中規模一般住宅が多い比較的閑静な住宅地域,根津,400,1住居
893,32,ホテルメッツ目白,東京都豊島区目白１丁目４-１,2003年10月,2003,東京都,13_東京都,95,賃貸,JR東日本ホテルズ,東京都/豊島区/目白/一丁目/４番,139.70642,35.71978,5,7,63,601,1,99,1400,2,30,194,1,2018,880000,一般住宅、共同住宅が建ち並ぶ閑静な住宅地域,目白,450,1低専
2566,15,リッチモンドホテル東京目白,東京都豊島区目白３丁目５-１４,2006年5月,2006,東京都,13_東京都,120,賃貸,リッチモンドホテルズ,東京都/豊島区/目白/三丁目/５番,139.70494,35.72221,5,7,64,601,1,100,1400,2,31,194,1,2018,880000,一般住宅、共同住宅が建ち並ぶ閑静な住宅地域,目白,450,1低専
2002,21,スマイルホテル浅草,東京都台東区浅草６丁目３５-８,2010年8月,2010,東京都,13_東京都,96,賃貸,ホスピタリティパートナーズグループ,東京都/台東区/浅草/六丁目/３５番,139.80164,35.71818,5,7,64,655,0,86,1276,0,36,298,1,2018,429000,中低層営業所、住宅、作業所が混在する商業地域,浅草,1200,近商
1943,11,ベッセルイン上野入谷駅前,東京都台東区入谷１丁目２５-６,2011年2月,2011,東京都,13_東京都,75,賃貸,ベッセルグループ,東京都/台東区/入谷/一丁目/２５番,139.78607,35.72143,5,7,60,747,1,92,1471,3,26,154,0,2018,597000,中層の店舗兼マンション等が多い商業地域,入谷,230,商業
1530,127,東横INN鶯谷駅前,東京都台東区根岸１丁目２-１７,2006年8月,2006,東京都,13_東京都,95,NA,東横INN,東京都/台東区/根岸/一丁目/２番,139.77983,35.72154,5,7,56,648,2,87,1235,1,19,154,0,2018,500000,一般住宅のほかアパート等も混在する住宅地域,鴬谷,800,1住居
378,6,フォレスト・イン昭和館,東京都昭島市拝島町４０１７-３,1998年11月,1998,東京都,13_東京都,98,その他,オークラホテルズ＆リゾーツ、ニッコーホテルズ・インターナショナル、ホテルJALシティ,東京都/昭島市/拝島町/４０１７番地,139.36458,35.7188,5,7,111,1282,3,155,2016,3,59,712,0,2018,142000,一般住宅の中に空地も見られる住宅地域,西武立川,1200,1低専
2498,11,ホデルリソル池袋,東京都豊島区南池袋２丁目３０-１４,2009年4月,2009,東京都,13_東京都,159,賃貸,リソルホテル&リゾーツ,東京都/豊島区/南池袋/二丁目/３０番,139.71616,35.72717,5,7,71,666,1,103,1400,2,27,195,0,2018,489000,中小規模一般住宅、アパートが建ち並ぶ住宅地域,東池袋,250,1住居
2604,16,ホテルリブマックス日暮里,東京都台東区谷中３丁目２-１２,2011年9月,2011,東京都,13_東京都,45,賃貸,リブマックスホテルズ＆リゾーツ,東京都/台東区/谷中/三丁目/２番,139.76474,35.72525,5,7,62,648,2,82,1235,1,22,154,0,2018,1160000,中高層の店舗付マンションが多い商業地域,千駄木,0,商業
183,153,アパホテルTKP日暮里駅前,東京都荒川区東日暮里５丁目５２-９,2016年12月,2016,東京都,13_東京都,278,FC,アパホテルズ＆リゾーツ,東京都/荒川区/東日暮里/五丁目/５２番,139.7715,35.72778,5,7,55,648,2,75,1235,1,15,154,0,2018,1560000,中高層の店舗等が建ち並ぶ駅前の商業地域,日暮里,200,商業
653,4,ホテルラングウッド,東京都荒川区東日暮里5-50-5,2004年12月,2004,東京都,13_東京都,126,賃貸,グリーンホスピタリティーマネジメント,東京都/荒川区/東日暮里/五丁目/５０番,139.77292,35.72797,5,7,55,648,2,75,1235,1,15,154,0,2018,1560000,中高層の店舗等が建ち並ぶ駅前の商業地域,日暮里,200,商業
1308,8,アパホテル（TKP日暮里）,東京都荒川区東日暮里５丁目５２-９,2016年12月,2016,東京都,13_東京都,278,FC,TKPホテル＆リゾート事業,東京都/荒川区/東日暮里/五丁目/５２番,139.7715,35.72778,5,7,55,648,2,75,1235,1,15,154,0,2018,1560000,中高層の店舗等が建ち並ぶ駅前の商業地域,日暮里,200,商業
2265,23,ホテルマイステイズ日暮里,東京都荒川区東日暮里５丁目４３-７,1987年6月,1987,東京都,13_東京都,93,賃貸,ホテルマイステイズマネジメント,東京都/荒川区/東日暮里/五丁目/４３番,139.77441,35.72761,5,7,57,648,2,77,1235,1,17,154,0,2018,1560000,中高層の店舗等が建ち並ぶ駅前の商業地域,日暮里,200,商業
865,4,ホテルメトロポリタン,東京都豊島区西池袋１丁目６-１,1985年6月,1985,東京都,13_東京都,807,賃貸,JR東日本ホテルズ,東京都/豊島区/西池袋/一丁目/６番,139.70801,35.72834,5,7,67,666,1,99,1400,2,26,195,0,2018,3850000,中高層店舗、事務所等が建ち並ぶ高度商業地域,池袋,0,商業
227,6,ザ・ビー池袋,東京都豊島区東池袋１丁目３９-４,2007年12月,2007,東京都,13_東京都,175,賃貸,イシンホテルズグループ,東京都/豊島区/東池袋/一丁目/３９番,139.71432,35.73244,5,7,68,666,1,100,1400,2,24,195,0,2018,12300000,中高層の店舗、事務所が建ち並ぶ繁華な商業地域,池袋,170,商業
1078,4,センチュリオンホテル池袋,東京都豊島区東池袋１丁目８-９,2014年9月,2014,東京都,13_東京都,145,賃貸直営,CENTURION HOTELS,東京都/豊島区/東池袋/一丁目/８番,139.71445,35.73172,5,7,68,666,1,100,1400,2,24,195,0,2018,12300000,中高層の店舗、事務所が建ち並ぶ繁華な商業地域,池袋,170,商業
1735,14,第一イン池袋,東京都豊島区東池袋１丁目４２-８,1982年10月,1982,東京都,13_東京都,139,FC,阪急阪神第一ホテルグループ,東京都/豊島区/東池袋/一丁目/４２番,139.71315,35.73235,5,7,68,666,1,100,1400,2,24,195,0,2018,12300000,中高層の店舗、事務所が建ち並ぶ繁華な商業地域,池袋,170,商業
719,7,京王プレッソイン池袋,東京都豊島区南池袋２丁目２９-１１,2009年2月,2009,東京都,13_東京都,231,賃貸,京王プレッソイン,東京都/豊島区/南池袋/二丁目/２９番,139.71561,35.72778,5,7,69,666,1,101,1400,2,25,195,0,2018,1790000,中高層の店舗、ホテル等が混在する商業地域,池袋,450,商業
1647,244,東横INN東京秋川駅北口,東京都あきる野市秋川１丁目１-７,2015年9月,2015,東京都,13_東京都,145,NA,東横INN,東京都/あきる野市/秋川/一丁目/１番,139.28764,35.72847,5,7,117,1325,4,180,1745,4,67,918,1,2018,226000,中層の店舗、事務所ビルが建ち並ぶ駅前商業地域,秋川,150,近商
2256,14,ホテルマイステイズ東池袋,東京都豊島区東池袋４丁目３９-１３,1990年4月,1990,東京都,13_東京都,176,賃貸,ホテルマイステイズマネジメント,東京都/豊島区/東池袋/四丁目/３９番,139.72388,35.72935,5,7,69,677,2,99,1389,2,24,195,0,2018,602000,住宅、事務所等が混在する区画整理済の住宅地域,大塚,380,1住居
1900,20,サンジャインシティプリンスホテル東京,東京都豊島区東池袋３丁目１-５,1980年4月,1980,東京都,13_東京都,1110,直営,プリンスホテルズ＆リゾーツ,東京都/豊島区/東池袋/三丁目/１番,139.71919,35.72929,5,7,75,666,1,106,1389,2,30,195,0,2018,1390000,中高層の店舗兼事務所ビル等が建ち並ぶ商業地域,池袋,700,商業
2093,7,ホテルウィングインターナショナル池袋,東京都豊島区東池袋３丁目１０-７,2000年8月,2000,東京都,13_東京都,85,所有直営,ホテルウィングインターナショナル,東京都/豊島区/東池袋/三丁目/１０番,139.71855,35.73223,5,7,73,666,1,105,1400,2,29,195,0,2018,1390000,中高層の店舗兼事務所ビル等が建ち並ぶ商業地域,池袋,700,商業
2938,269,アークホテル東京池袋,東京都豊島区東池袋３丁目５-５,2005年1月,2005,東京都,13_東京都,110,所有直営,ルートインホテルズ,東京都/豊島区/東池袋/三丁目/５番,139.71716,35.73129,5,7,71,666,1,103,1400,2,27,195,0,2018,1390000,中高層の店舗兼事務所ビル等が建ち並ぶ商業地域,池袋,700,商業
1010,90,スーパーホテル東京・大塚,東京都豊島区北大塚２丁目１７-１３,2012年4月,2012,東京都,13_東京都,80,賃貸,スーパーホテル,東京都/豊島区/北大塚/二丁目/１７番,139.72803,35.73355,5,7,65,677,2,95,1389,2,27,194,0,2018,1060000,小売店舗、飲食店舗ビル等が建ち並ぶ商業地域,大塚,110,商業
1425,22,東横INN大塚駅北口I,東京都豊島区北大塚２丁目１１-３,1998年10月,1998,東京都,13_東京都,56,NA,東横INN,東京都/豊島区/北大塚/二丁目/１１番,139.72758,35.73327,5,7,64,677,2,94,1389,2,26,194,0,2018,1060000,小売店舗、飲食店舗ビル等が建ち並ぶ商業地域,大塚,110,商業
1534,131,東横INN山手線大塚駅北口Ⅱ,東京都豊島区北大塚２丁目５-９,2006年10月,2006,東京都,13_東京都,139,NA,東横INN,東京都/豊島区/北大塚/二丁目/５番,139.7271,35.73269,5,7,64,677,2,94,1389,2,26,194,0,2018,1060000,小売店舗、飲食店舗ビル等が建ち並ぶ商業地域,大塚,110,商業
3023,25,R&Bホテル大塚駅北口,東京都豊島区北大塚２丁目１４-２,1999年10月,1999,東京都,13_東京都,260,賃貸,ワシントンホテルプラザチェーン　R＆Bホテルチェーン,東京都/豊島区/北大塚/二丁目/１４番,139.72934,35.73224,5,7,63,677,2,93,1389,2,25,194,0,2018,1060000,小売店舗、飲食店舗ビル等が建ち並ぶ商業地域,大塚,110,商業
997,77,スーパーホテルJR池袋西口,東京都豊島区池袋２丁目１４-１２,2009年8月,2009,東京都,13_東京都,113,賃貸,スーパーホテル,東京都/豊島区/池袋/二丁目/１４番,139.7066,35.73209,5,7,68,666,1,100,1400,2,27,195,0,2018,1890000,中高層の店舗、事務所が建ち並ぶ商業地域,池袋,370,商業
1330,13,東急ステイ池袋,東京都豊島区池袋２丁目１２-２,2010年4月,2010,東京都,13_東京都,156,直営,東急ステイ,東京都/豊島区/池袋/二丁目/１２番,139.70711,35.73243,5,7,68,666,1,100,1400,2,27,195,0,2018,1890000,中高層の店舗、事務所が建ち並ぶ商業地域,池袋,370,商業
605,10,グランパーク・イン巣鴨,東京都豊島区巣鴨1-18-4,2015年11月,2015,東京都,13_東京都,118,賃貸,グランパークホテル,東京都/豊島区/巣鴨/一丁目/１８番,139.73944,35.73237,5,7,61,655,1,93,1389,2,25,165,0,2018,1510000,中高層の店舗、事務所ビルが多い商業地域,巣鴨,120,商業
109,79,アパホテル池袋駅北口,東京都豊島区池袋２丁目４８-７,2010年4月,2010,東京都,13_東京都,171,所有直営,アパホテルズ＆リゾーツ,東京都/豊島区/池袋/二丁目/４８番,139.7114,35.7336,5,7,70,666,1,102,1400,2,27,195,0,2018,1250000,中高層の店舗兼事務所ビル等が建ち並ぶ商業地域,池袋,250,商業
1490,87,東横INN池袋北口1,東京都豊島区池袋２丁目５０-５,2005年1月,2005,東京都,13_東京都,226,NA,東横INN,東京都/豊島区/池袋/二丁目/５０番,139.71094,35.73419,5,7,70,666,1,102,1400,2,27,195,0,2018,1250000,中高層の店舗兼事務所ビル等が建ち並ぶ商業地域,池袋,250,商業
1567,164,東横INN池袋北口Ⅱ,東京都豊島区池袋２丁目５１-２,2007年10月,2007,東京都,13_東京都,373,NA,東横INN,東京都/豊島区/池袋/二丁目/５１番,139.71034,35.73412,5,7,71,666,1,103,1400,2,27,195,0,2018,1250000,中高層の店舗兼事務所ビル等が建ち並ぶ商業地域,池袋,250,商業
2298,56,フレックステイイン巣鴨,東京都豊島区巣鴨３丁目６-１６,1994年6月,1994,東京都,13_東京都,104,賃貸,ホテルマイステイズマネジメント,東京都/豊島区/巣鴨/三丁目/６番,139.73436,35.7336,5,7,64,655,1,96,1389,2,28,165,0,2018,591000,中規模一般住宅が多い閑静な住宅地域,大塚,550,1中専
880,19,ホテルメッツ田端,東京都北区東田端1-17-20,1998年2月,1998,東京都,13_東京都,98,賃貸,JR東日本ホテルズ,東京都/北区/東田端/一丁目/１７番,139.76213,35.73652,5,7,53,677,1,89,1368,2,19,165,0,2018,535000,一般住宅、アパート等が建ち並ぶ住宅地域,田端,380,1住居
176,146,アパホテル巣鴨駅前,東京都豊島区巣鴨２丁目９-７,2016年6月,2016,東京都,13_東京都,512,直営,アパホテルズ＆リゾーツ,東京都/豊島区/巣鴨/二丁目/９番,139.73824,35.73484,5,7,61,677,2,92,1389,2,24,165,0,2018,763000,店舗付事務所、低層店舗等が混在する商業地域,巣鴨,210,商業
2000,19,スマイルホテル巣鴨,東京都豊島区巣鴨２丁目４-７,2012年11月,2012,東京都,13_東京都,126,FC,ホスピタリティパートナーズグループ,東京都/豊島区/巣鴨/二丁目/４番,139.73924,35.73449,5,7,61,677,2,92,1389,2,24,165,0,2018,763000,店舗付事務所、低層店舗等が混在する商業地域,巣鴨,210,商業
1018,98,スーパーホテルlnn池袋駅北口,東京都豊島区池袋２丁目６２-１４,2003年4月,2003,東京都,13_東京都,209,賃貸,スーパーホテル,東京都/豊島区/池袋/二丁目/６２番,139.71036,35.73494,5,7,71,666,1,103,1400,2,28,195,0,2018,790000,中層の日用品店舗等の建ち並ぶ商業地域,池袋,500,近商
900,39,ホテルメッツ駒込,東京都豊島区駒込２丁目１-３９,2009年9月,2009,東京都,13_東京都,152,賃貸,JR東日本ホテルズ,東京都/豊島区/駒込/二丁目/１番,139.74738,35.73653,5,7,60,677,2,90,1368,2,23,165,0,2018,1230000,中高層店舗、事務所が建ち並ぶ商業地域,駒込,110,商業
2296,54,フレッタステイイン江古田,東京都練馬区栄町８-６,1989年3月,1989,東京都,13_東京都,210,賃貸,ホテルマイステイズマネジメント,東京都/練馬区/栄町/８番,139.67038,35.7373,5,7,79,840,2,112,1574,3,36,369,1,2018,762000,店舗、店舗兼共同住宅等が建ち並ぶ商業地域,江古田,200,商業
1624,221,東横INN福生駅前東口,東京都福生市東町４-１,2010年9月,2010,東京都,13_東京都,239,NA,東横INN,東京都/福生市/東町/４番地,139.32809,35.74244,5,7,110,1401,3,157,2178,3,64,799,0,2018,419000,中層の店舗ビルが建ち並ぶ駅前の商業地域,福生,0,商業
41,11,アパホテル東京板橋駅前,東京都豊島区上池袋４丁目４７-１,1997年7月,1997,東京都,13_東京都,202,所有直営,アパホテルズ＆リゾーツ,東京都/豊島区/上池袋/四丁目/４７番,139.71913,35.74458,5,7,70,655,1,104,1400,3,34,339,1,2018,690000,中高層の店舗兼共同住宅等が建ち並ぶ商業地域,板橋,400,商業
606,11,グランパーク・イン北千住,東京都足立区千住仲町４０-９,2015年11月,2015,東京都,13_東京都,80,賃貸,グランパークホテル,東京都/足立区/千住仲町/４０番,139.80247,35.74648,5,7,70,789,1,80,1162,1,23,216,0,2018,587000,中層の店舗兼共同住宅等が建ち並ぶ商業地域,北千住,300,商業
870,9,ホテルメッツ久米川,東京都東村山市栄町2-31-4,1994年5月,1994,東京都,13_東京都,47,賃貸直営,JR東日本ホテルズ,東京都/東村山市/栄町/二丁目/３１番,139.46948,35.74924,5,7,93,900,2,138,2028,3,60,724,2,2018,291000,中低層の店舗兼共同住宅等が建ち並ぶ商業地域,久米川,270,商業
2297,55,フレックステイイン常盤台,東京都板橋区常盤台１丁目５２-５,1990年6月,1990,東京都,13_東京都,129,賃貸,ホテルマイステイズマネジメント,東京都/板橋区/常盤台/一丁目/５２番,139.69229,35.75819,5,7,82,831,2,119,1565,3,41,360,1,2018,950000,中層の店舗、銀行等が混在する駅前の商業地域,ときわ台,70,商業
1651,248,東横INN西武池袋線東久留米駅西口,東京都東久留米市本町１-４-８,2016年11月,2016,東京都,13_東京都,169,NA,東横INN,東京都/東久留米市/本町/一丁目/４番,139.53204,35.75937,5,7,93,1009,3,125,1667,4,48,462,3,2018,273000,一般住宅のほかアパート等も散見される住宅地域,東久留米,300,1低専
2617,29,ホテルリブマックス東京羽村駅前,東京都羽村市五ノ神４丁目２-１５,2013年9月,2013,東京都,13_東京都,59,賃貸,リブマックスホテルズ＆リゾーツ,東京都/羽村市/五ノ神/四丁目/２番,139.31535,35.76029,5,7,114,1401,3,161,2178,3,67,799,0,2018,178000,店舗と事務所等が見られる街路沿いの商業地域,羽村,650,近商
2295,53,フレックステイイン東十条,東京都北区中十条２丁目１０-２,1986年8月,1986,東京都,13_東京都,88,賃貸,ホテルマイステイズマネジメント,東京都/北区/中十条/二丁目/１０番,139.72713,35.76271,5,7,61,699,1,103,1389,3,27,216,0,2018,820000,小売店舗、中層ビルが建ち並ぶ駅前の商業地域,東十条,160,商業
895,34,ホテルメッツ赤羽,東京都北区赤羽1-1-76,2005年5月,2005,東京都,13_東京都,120,賃貸,JR東日本ホテルズ,東京都/北区/赤羽/一丁目/１番,139.72099,35.77785,5,7,62,785,1,104,1400,2,28,216,0,2018,2630000,中高層店舗等が建ち並ぶ駅前の商業地域,赤羽,0,商業
1183,28,ダイワロイネットホテル東京赤羽,東京都北区赤羽南１丁目９-１３,2011年3月,2011,東京都,13_東京都,163,賃貸直営,ダイワロイネットホテルズ,東京都/北区/赤羽南/一丁目/９番,139.72255,35.77752,5,7,61,785,1,103,1400,2,27,216,0,2018,2630000,中高層店舗等が建ち並ぶ駅前の商業地域,赤羽,0,商業
923,3,スーパーホテル東京・赤羽,東京都北区赤羽１丁目４１-１３,1998年8月,1998,東京都,13_東京都,49,賃貸,スーパーホテル,東京都/北区/赤羽/一丁目/４１番,139.71971,35.78168,5,7,66,785,1,108,1400,2,32,216,0,2018,611000,飲食店、中高層マンション等が多い商業地域,赤羽,400,商業
1504,101,東横INN赤羽駅東口一番街,東京都北区赤羽３丁目２-２,2005年8月,2005,東京都,13_東京都,113,NA,東横INN,東京都/北区/赤羽/三丁目/２番,139.71973,35.78332,5,7,68,785,1,110,1400,2,34,216,0,2018,391000,小規模一般住宅が建ち並ぶ住宅地域,赤羽岩淵,350,1住居
1786,7,おくたま路,東京都青梅市二俣尾２丁目３７１,2014年7月,2014,東京都,13_東京都,20,所有直営,ビューホテルズ＆リゾーツ,東京都/青梅市/二俣尾/二丁目/３７１番地,139.21904,35.79707,5,7,142,1487,4,190,2350,4,91,918,1,2018,48200,一般住宅のほかに空地等が見られる住宅地域,二俣尾,970,1低専
